"Site Time","Weather Station 1 - Amb T; Mod T1; Wind: Ambient temp (TempF) Degrees Fahrenheit"
11-15-2024 00:00:00,41.294
11-15-2024 01:00:00,41.465
11-15-2024 02:00:00,41.608
11-15-2024 03:00:00,41.181
11-15-2024 04:00:00,40.97
11-15-2024 05:00:00,40.446
11-15-2024 06:00:00,40.319
11-15-2024 07:00:00,42.119
11-15-2024 08:00:00,45.106
11-15-2024 09:00:00,48.696
11-15-2024 10:00:00,52.874
11-15-2024 11:00:00,56.436
11-15-2024 12:00:00,60.002
11-15-2024 13:00:00,59.7
11-15-2024 14:00:00,60.054
11-15-2024 15:00:00,59.8
11-15-2024 16:00:00,55.504
11-15-2024 17:00:00,51.911
11-15-2024 18:00:00,49.073
11-15-2024 19:00:00,46.286
11-15-2024 20:00:00,46.09
11-15-2024 21:00:00,46.103
11-15-2024 22:00:00,46.604
11-15-2024 23:00:00,46.621
11-16-2024 00:00:00,45.864
11-16-2024 01:00:00,45.562
11-16-2024 02:00:00,45.296
11-16-2024 03:00:00,44.619
11-16-2024 04:00:00,45.409
11-16-2024 05:00:00,45.724
11-16-2024 06:00:00,46.276
11-16-2024 07:00:00,50.59
11-16-2024 08:00:00,52.92
11-16-2024 09:00:00,55.769
11-16-2024 10:00:00,57.816
11-16-2024 11:00:00,60.211
11-16-2024 12:00:00,62.263
11-16-2024 13:00:00,62.377
11-16-2024 14:00:00,62.484
11-16-2024 15:00:00,61.508
11-16-2024 16:00:00,57.946
11-16-2024 17:00:00,54.181
11-16-2024 18:00:00,51.151
11-16-2024 19:00:00,47.593
11-16-2024 20:00:00,48.859
11-16-2024 21:00:00,47.317
11-16-2024 22:00:00,42.672
11-16-2024 23:00:00,37.127
11-17-2024 00:00:00,38.856
11-17-2024 01:00:00,44.804
11-17-2024 02:00:00,44.53
11-17-2024 03:00:00,39.52
11-17-2024 04:00:00,34.284
11-17-2024 05:00:00,32.321
11-17-2024 06:00:00,30.892
11-17-2024 07:00:00,39.166
11-17-2024 08:00:00,46.791
11-17-2024 09:00:00,54.345
11-17-2024 10:00:00,59.008
11-17-2024 11:00:00,64.853
11-17-2024 12:00:00,67.865
11-17-2024 13:00:00,67.736
11-17-2024 14:00:00,66.217
11-17-2024 15:00:00,63.005
11-17-2024 16:00:00,55.35
11-17-2024 17:00:00,47.957
11-17-2024 18:00:00,44.602
11-17-2024 19:00:00,44.47
11-17-2024 20:00:00,43.901
11-17-2024 21:00:00,41.71
11-17-2024 22:00:00,39.944
11-17-2024 23:00:00,37.997
11-18-2024 00:00:00,38.392
11-18-2024 01:00:00,37.224
11-18-2024 02:00:00,36.307
11-18-2024 03:00:00,41.506
11-18-2024 04:00:00,42.765
11-18-2024 05:00:00,43.728
11-18-2024 06:00:00,45.733
11-18-2024 07:00:00,48.573
11-18-2024 08:00:00,54.627
11-18-2024 09:00:00,60.497
11-18-2024 10:00:00,64.515
11-18-2024 11:00:00,66.026
11-18-2024 12:00:00,68.032
11-18-2024 13:00:00,68.575
11-18-2024 14:00:00,67.488
11-18-2024 15:00:00,65.931
11-18-2024 16:00:00,61.01
11-18-2024 17:00:00,52.581
11-18-2024 18:00:00,47.695
11-18-2024 19:00:00,44.876
11-18-2024 20:00:00,42.331
11-18-2024 21:00:00,40.766
11-18-2024 22:00:00,42.065
11-18-2024 23:00:00,48.36
11-19-2024 00:00:00,50.267
11-19-2024 01:00:00,47.421
11-19-2024 02:00:00,47.54
11-19-2024 03:00:00,45.918
11-19-2024 04:00:00,45.275
11-19-2024 05:00:00,41.695
11-19-2024 06:00:00,40.491
11-19-2024 07:00:00,47.084
11-19-2024 08:00:00,50.424
11-19-2024 09:00:00,52.908
11-19-2024 10:00:00,55.924
11-19-2024 11:00:00,58.953
11-19-2024 12:00:00,65.185
11-19-2024 13:00:00,66.069
11-19-2024 14:00:00,65.378
11-19-2024 15:00:00,63.095
11-19-2024 16:00:00,57.448
11-19-2024 17:00:00,52.019
11-19-2024 18:00:00,48.582
11-19-2024 19:00:00,49.692
11-19-2024 20:00:00,51.431
11-19-2024 21:00:00,51.573
11-19-2024 22:00:00,50.43
11-19-2024 23:00:00,49.423
11-20-2024 00:00:00,50.041
11-20-2024 01:00:00,50.444
11-20-2024 02:00:00,50.588
11-20-2024 03:00:00,50.696
11-20-2024 04:00:00,51.015
11-20-2024 05:00:00,51.167
11-20-2024 06:00:00,51.565
11-20-2024 07:00:00,52.044
11-20-2024 08:00:00,54.575
11-20-2024 09:00:00,57.428
11-20-2024 10:00:00,60.706
11-20-2024 11:00:00,62.861
11-20-2024 12:00:00,62.801
11-20-2024 13:00:00,63.957
11-20-2024 14:00:00,62.538
11-20-2024 15:00:00,61.749
11-20-2024 16:00:00,58.746
11-20-2024 17:00:00,56.977
11-20-2024 18:00:00,54.896
11-20-2024 19:00:00,51.436
11-20-2024 20:00:00,51.799
11-20-2024 21:00:00,54.305
11-20-2024 22:00:00,55.344
11-20-2024 23:00:00,55.281
11-21-2024 00:00:00,53.266
11-21-2024 01:00:00,52.409
11-21-2024 02:00:00,51.804
11-21-2024 03:00:00,49.123
11-21-2024 04:00:00,47.305
11-21-2024 05:00:00,46.226
11-21-2024 06:00:00,46.146
11-21-2024 07:00:00,45.727
11-21-2024 08:00:00,46.45
11-21-2024 09:00:00,47.134
11-21-2024 10:00:00,47.723
11-21-2024 11:00:00,47.919
11-21-2024 12:00:00,48.534
11-21-2024 13:00:00,47.931
11-21-2024 14:00:00,46.31
11-21-2024 15:00:00,43.789
11-21-2024 16:00:00,41.423
11-21-2024 17:00:00,40.921
11-21-2024 18:00:00,41.005
11-21-2024 19:00:00,40.929
11-21-2024 20:00:00,40.665
11-21-2024 21:00:00,40.426
11-21-2024 22:00:00,39.995
11-21-2024 23:00:00,40.124
11-22-2024 00:00:00,40.19
11-22-2024 01:00:00,40.39
11-22-2024 02:00:00,40.579
11-22-2024 03:00:00,40.63
11-22-2024 04:00:00,40.499
11-22-2024 05:00:00,39.919
11-22-2024 06:00:00,38.743
11-22-2024 07:00:00,38.8
11-22-2024 08:00:00,39.822
11-22-2024 09:00:00,39.93
11-22-2024 10:00:00,39.45
11-22-2024 11:00:00,40.049
11-22-2024 12:00:00,39.895
11-22-2024 13:00:00,39.65
11-22-2024 14:00:00,39.482
11-22-2024 15:00:00,38.871
11-22-2024 16:00:00,38.084
11-22-2024 17:00:00,37.609
11-22-2024 18:00:00,37.153
11-22-2024 19:00:00,36.824
11-22-2024 20:00:00,37.761
11-22-2024 21:00:00,38.142
11-22-2024 22:00:00,37.455
11-22-2024 23:00:00,36.384
11-23-2024 00:00:00,36.052
11-23-2024 01:00:00,36.383
11-23-2024 02:00:00,36.203
11-23-2024 03:00:00,36.989
11-23-2024 04:00:00,37.279
11-23-2024 05:00:00,36.631
11-23-2024 06:00:00,35.911
11-23-2024 07:00:00,38.894
11-23-2024 08:00:00,41.38
11-23-2024 09:00:00,45.07
11-23-2024 10:00:00,47.409
11-23-2024 11:00:00,49.73
11-23-2024 12:00:00,50.059
11-23-2024 13:00:00,50.702
11-23-2024 14:00:00,50.259
11-23-2024 15:00:00,49.366
11-23-2024 16:00:00,46.479
11-23-2024 17:00:00,44.72
11-23-2024 18:00:00,43.313
11-23-2024 19:00:00,45.04
11-23-2024 20:00:00,45.981
11-23-2024 21:00:00,46.907
11-23-2024 22:00:00,47.079
11-23-2024 23:00:00,47.317
11-24-2024 00:00:00,47.072
11-24-2024 01:00:00,46.62
11-24-2024 02:00:00,46.096
11-24-2024 03:00:00,44.457
11-24-2024 04:00:00,40.605
11-24-2024 05:00:00,37.631
11-24-2024 06:00:00,37.125
11-24-2024 07:00:00,39.983
11-24-2024 08:00:00,45.074
11-24-2024 09:00:00,49.849
11-24-2024 10:00:00,51.585
11-24-2024 11:00:00,55.033
11-24-2024 12:00:00,55.913
11-24-2024 13:00:00,55.861
11-24-2024 14:00:00,54.348
11-24-2024 15:00:00,54.299
11-24-2024 16:00:00,51.196
11-24-2024 17:00:00,48.057
11-24-2024 18:00:00,46.988
11-24-2024 19:00:00,46.496
11-24-2024 20:00:00,45.639
11-24-2024 21:00:00,43.846
11-24-2024 22:00:00,42.716
11-24-2024 23:00:00,43.554
11-25-2024 00:00:00,43.604
11-25-2024 01:00:00,40.705
11-25-2024 02:00:00,37.54
11-25-2024 03:00:00,35.39
11-25-2024 04:00:00,34.378
11-25-2024 05:00:00,33.822
11-25-2024 06:00:00,31.375
11-25-2024 07:00:00,35.12
11-25-2024 08:00:00,41.322
11-25-2024 09:00:00,47.328
11-25-2024 10:00:00,51.833
11-25-2024 11:00:00,55.832
11-25-2024 12:00:00,57.991
11-25-2024 13:00:00,60.314
11-25-2024 14:00:00,60.2
11-25-2024 15:00:00,58.204
11-25-2024 16:00:00,50.568
11-25-2024 17:00:00,45.384
11-25-2024 18:00:00,46.947
11-25-2024 19:00:00,47.395
11-25-2024 20:00:00,48.975
11-25-2024 21:00:00,49.279
11-25-2024 22:00:00,50.237
11-25-2024 23:00:00,50.737
11-26-2024 00:00:00,48.334
11-26-2024 01:00:00,43.857
11-26-2024 02:00:00,44.358
11-26-2024 03:00:00,45.655
11-26-2024 04:00:00,44.929
11-26-2024 05:00:00,46.748
11-26-2024 06:00:00,48.462
11-26-2024 07:00:00,49.974
11-26-2024 08:00:00,51.683
11-26-2024 09:00:00,52.67
11-26-2024 10:00:00,54.805
11-26-2024 11:00:00,57.864
11-26-2024 12:00:00,61.725
11-26-2024 13:00:00,63.688
11-26-2024 14:00:00,62.596
11-26-2024 15:00:00,60.399
11-26-2024 16:00:00,55.484
11-26-2024 17:00:00,51.049
11-26-2024 18:00:00,49.48
11-26-2024 19:00:00,46.243
11-26-2024 20:00:00,44.505
11-26-2024 21:00:00,40.579
11-26-2024 22:00:00,35.882
11-26-2024 23:00:00,32.641
11-27-2024 00:00:00,31.44
11-27-2024 01:00:00,31.431
11-27-2024 02:00:00,31.401
11-27-2024 03:00:00,30.535
11-27-2024 04:00:00,29.382
11-27-2024 05:00:00,28.182
11-27-2024 06:00:00,27.646
11-27-2024 07:00:00,32.327
11-27-2024 08:00:00,39.531
11-27-2024 09:00:00,46.993
11-27-2024 10:00:00,51.978
11-27-2024 11:00:00,53.498
11-27-2024 12:00:00,52.157
11-27-2024 13:00:00,53.953
11-27-2024 14:00:00,53.408
11-27-2024 15:00:00,51.344
11-27-2024 16:00:00,44.9
11-27-2024 17:00:00,40.153
11-27-2024 18:00:00,37.885
11-27-2024 19:00:00,37.764
11-27-2024 20:00:00,38.744
11-27-2024 21:00:00,38.899
11-27-2024 22:00:00,39.468
11-27-2024 23:00:00,39.91
11-28-2024 00:00:00,41.047
11-28-2024 01:00:00,41.601
11-28-2024 02:00:00,42.057
11-28-2024 03:00:00,42.239
11-28-2024 04:00:00,41.436
11-28-2024 05:00:00,41.612
11-28-2024 06:00:00,41.836
11-28-2024 07:00:00,43.007
11-28-2024 08:00:00,44.724
11-28-2024 09:00:00,46.385
11-28-2024 10:00:00,47.328
11-28-2024 11:00:00,48.612
11-28-2024 12:00:00,51.599
11-28-2024 13:00:00,51.321
11-28-2024 14:00:00,50.113
11-28-2024 15:00:00,47.553
11-28-2024 16:00:00,45.891
11-28-2024 17:00:00,45.329
11-28-2024 18:00:00,44.243
11-28-2024 19:00:00,43.678
11-28-2024 20:00:00,41.65
11-28-2024 21:00:00,39.821
11-28-2024 22:00:00,39.684
11-28-2024 23:00:00,37.594
11-29-2024 00:00:00,33.974
11-29-2024 01:00:00,32.082
11-29-2024 02:00:00,31.05
11-29-2024 03:00:00,29.236
11-29-2024 04:00:00,29.491
11-29-2024 05:00:00,28.295
11-29-2024 06:00:00,26.958
11-29-2024 07:00:00,31.799
11-29-2024 08:00:00,38.125
11-29-2024 09:00:00,43.884
11-29-2024 10:00:00,48.017
11-29-2024 11:00:00,49.964
11-29-2024 12:00:00,48.425
11-29-2024 13:00:00,46.324
11-29-2024 14:00:00,45.161
11-29-2024 15:00:00,44.557
11-29-2024 16:00:00,40.326
11-29-2024 17:00:00,38.291
11-29-2024 18:00:00,35.867
11-29-2024 19:00:00,33.924
11-29-2024 20:00:00,33.298
11-29-2024 21:00:00,32.329
11-29-2024 22:00:00,31.599
11-29-2024 23:00:00,30.524
11-30-2024 00:00:00,29.61
11-30-2024 01:00:00,28.161
11-30-2024 02:00:00,26.046
11-30-2024 03:00:00,25.33
11-30-2024 04:00:00,25.476
11-30-2024 05:00:00,25.229
11-30-2024 06:00:00,22.769
11-30-2024 07:00:00,26.566
11-30-2024 08:00:00,31.123
11-30-2024 09:00:00,34.909
11-30-2024 10:00:00,38.018
11-30-2024 11:00:00,40.21
11-30-2024 12:00:00,41.347
11-30-2024 13:00:00,41.804
11-30-2024 14:00:00,39.329
11-30-2024 15:00:00,37.143
11-30-2024 16:00:00,34.421
11-30-2024 17:00:00,32.239
11-30-2024 18:00:00,29.909
11-30-2024 19:00:00,27.702
11-30-2024 20:00:00,26.739
11-30-2024 21:00:00,27.048
11-30-2024 22:00:00,26.902
11-30-2024 23:00:00,25.176
12-01-2024 00:00:00,22.275
12-01-2024 01:00:00,20.798
12-01-2024 02:00:00,20.251
12-01-2024 03:00:00,21.954
12-01-2024 04:00:00,21.521
12-01-2024 05:00:00,19.516
12-01-2024 06:00:00,17.821
12-01-2024 07:00:00,20.65
12-01-2024 08:00:00,25.772
12-01-2024 09:00:00,30.931
12-01-2024 10:00:00,35.17
12-01-2024 11:00:00,37.842
12-01-2024 12:00:00,38.746
12-01-2024 13:00:00,38.62
12-01-2024 14:00:00,39.549
12-01-2024 15:00:00,38.521
12-01-2024 16:00:00,33.775
12-01-2024 17:00:00,28.627
12-01-2024 18:00:00,25.425
12-01-2024 19:00:00,23.273
12-01-2024 20:00:00,21.365
12-01-2024 21:00:00,19.957
12-01-2024 22:00:00,19.012
12-01-2024 23:00:00,17.804
12-02-2024 00:00:00,17.371
12-02-2024 01:00:00,17.383
12-02-2024 02:00:00,16.323
12-02-2024 03:00:00,16.415
12-02-2024 04:00:00,16.029
12-02-2024 05:00:00,16.033
12-02-2024 06:00:00,16.031
12-02-2024 07:00:00,19.57
12-02-2024 08:00:00,27.176
12-02-2024 09:00:00,32.828
12-02-2024 10:00:00,37.719
12-02-2024 11:00:00,41.05
12-02-2024 12:00:00,41.944
12-02-2024 13:00:00,40.452
12-02-2024 14:00:00,40.068
12-02-2024 15:00:00,38.687
12-02-2024 16:00:00,36.91
12-02-2024 17:00:00,35.807
12-02-2024 18:00:00,34.732
12-02-2024 19:00:00,31.683
12-02-2024 20:00:00,27.353
12-02-2024 21:00:00,25.407
12-02-2024 22:00:00,24.318
12-02-2024 23:00:00,24.962
12-03-2024 00:00:00,28.439
12-03-2024 01:00:00,29.719
12-03-2024 02:00:00,29.712
12-03-2024 03:00:00,28.818
12-03-2024 04:00:00,28.462
12-03-2024 05:00:00,27.89
12-03-2024 06:00:00,28.677
12-03-2024 07:00:00,29.92
12-03-2024 08:00:00,33.783
12-03-2024 09:00:00,37.59
12-03-2024 10:00:00,41
12-03-2024 11:00:00,44.565
12-03-2024 12:00:00,45.184
12-03-2024 13:00:00,44.932
12-03-2024 14:00:00,41.968
12-03-2024 15:00:00,40.68
12-03-2024 16:00:00,36.934
12-03-2024 17:00:00,34.342
12-03-2024 18:00:00,34.712
12-03-2024 19:00:00,31.798
12-03-2024 20:00:00,28.678
12-03-2024 21:00:00,24.603
12-03-2024 22:00:00,22.837
12-03-2024 23:00:00,21.744
12-04-2024 00:00:00,20.349
12-04-2024 01:00:00,19.95
12-04-2024 02:00:00,19.548
12-04-2024 03:00:00,18.752
12-04-2024 04:00:00,18.282
12-04-2024 05:00:00,17.802
12-04-2024 06:00:00,17.698
12-04-2024 07:00:00,21.428
12-04-2024 08:00:00,28.31
12-04-2024 09:00:00,33.699
12-04-2024 10:00:00,38.073
12-04-2024 11:00:00,39.965
12-04-2024 12:00:00,40.34
12-04-2024 13:00:00,43.926
12-04-2024 14:00:00,42.686
12-04-2024 15:00:00,40.878
12-04-2024 16:00:00,39.211
12-04-2024 17:00:00,38.79
12-04-2024 18:00:00,38.616
12-04-2024 19:00:00,39.162
12-04-2024 20:00:00,40.035
12-04-2024 21:00:00,40.779
12-04-2024 22:00:00,39.865
12-04-2024 23:00:00,37.49
12-05-2024 00:00:00,34.447
12-05-2024 01:00:00,34.418
12-05-2024 02:00:00,35.036
12-05-2024 03:00:00,35.377
12-05-2024 04:00:00,36.03
12-05-2024 05:00:00,37.201
12-05-2024 06:00:00,37.236
12-05-2024 07:00:00,37.146
12-05-2024 08:00:00,38.314
12-05-2024 09:00:00,41.348
12-05-2024 10:00:00,39.61
12-05-2024 11:00:00,39.848
12-05-2024 12:00:00,38.37
12-05-2024 13:00:00,37.872
12-05-2024 14:00:00,36.993
12-05-2024 15:00:00,36.304
12-05-2024 16:00:00,34.466
12-05-2024 17:00:00,33.185
12-05-2024 18:00:00,32.303
12-05-2024 19:00:00,30.892
12-05-2024 20:00:00,30.071
12-05-2024 21:00:00,29.559
12-05-2024 22:00:00,28.983
12-05-2024 23:00:00,28.881
12-06-2024 00:00:00,29.735
12-06-2024 01:00:00,29.256
12-06-2024 02:00:00,29.045
12-06-2024 03:00:00,29.744
12-06-2024 04:00:00,31.171
12-06-2024 05:00:00,31.34
12-06-2024 06:00:00,31.111
12-06-2024 07:00:00,30.583
12-06-2024 08:00:00,30.73
12-06-2024 09:00:00,31.729
12-06-2024 10:00:00,33.387
12-06-2024 11:00:00,34.828
12-06-2024 12:00:00,35.982
12-06-2024 13:00:00,37.218
12-06-2024 14:00:00,36.425
12-06-2024 15:00:00,35.242
12-06-2024 16:00:00,31.47
12-06-2024 17:00:00,26.1
12-06-2024 18:00:00,23.161
12-06-2024 19:00:00,22.473
12-06-2024 20:00:00,25.906
12-06-2024 21:00:00,28.843
12-06-2024 22:00:00,29.596
12-06-2024 23:00:00,30.221
12-07-2024 00:00:00,30.702
12-07-2024 01:00:00,30.735
12-07-2024 02:00:00,30.585
12-07-2024 03:00:00,30.463
12-07-2024 04:00:00,30.466
12-07-2024 05:00:00,30.546
12-07-2024 06:00:00,30.492
12-07-2024 07:00:00,30.911
12-07-2024 08:00:00,32.973
12-07-2024 09:00:00,36.353
12-07-2024 10:00:00,39.897
12-07-2024 11:00:00,43.542
12-07-2024 12:00:00,43.768
12-07-2024 13:00:00,44.238
12-07-2024 14:00:00,41.123
12-07-2024 15:00:00,39.456
12-07-2024 16:00:00,37.391
12-07-2024 17:00:00,36.247
12-07-2024 18:00:00,35.408
12-07-2024 19:00:00,34.198
12-07-2024 20:00:00,34.871
12-07-2024 21:00:00,35.156
12-07-2024 22:00:00,35.847
12-07-2024 23:00:00,35.833
12-08-2024 00:00:00,34.924
12-08-2024 01:00:00,34.851
12-08-2024 02:00:00,35.893
12-08-2024 03:00:00,37.362
12-08-2024 04:00:00,38.449
12-08-2024 05:00:00,38.745
12-08-2024 06:00:00,39.499
12-08-2024 07:00:00,40.377
12-08-2024 08:00:00,42.28
12-08-2024 09:00:00,45.227
12-08-2024 10:00:00,51.703
12-08-2024 11:00:00,56.994
12-08-2024 12:00:00,59.766
12-08-2024 13:00:00,58.117
12-08-2024 14:00:00,55.516
12-08-2024 15:00:00,56.05
12-08-2024 16:00:00,52.898
12-08-2024 17:00:00,46.308
12-08-2024 18:00:00,42.928
12-08-2024 19:00:00,39.549
12-08-2024 20:00:00,36.198
12-08-2024 21:00:00,33.359
12-08-2024 22:00:00,31.279
12-08-2024 23:00:00,30.912
12-09-2024 00:00:00,30.494
12-09-2024 01:00:00,30.076
12-09-2024 02:00:00,30.213
12-09-2024 03:00:00,29.952
12-09-2024 04:00:00,29.997
12-09-2024 05:00:00,29.464
12-09-2024 06:00:00,28.925
12-09-2024 07:00:00,31.25
12-09-2024 08:00:00,37.919
12-09-2024 09:00:00,42.274
12-09-2024 10:00:00,45.916
12-09-2024 11:00:00,47.534
12-09-2024 12:00:00,47.572
12-09-2024 13:00:00,48.263
12-09-2024 14:00:00,48.907
12-09-2024 15:00:00,49.202
12-09-2024 16:00:00,48.437
12-09-2024 17:00:00,45.787
12-09-2024 18:00:00,44.611
12-09-2024 19:00:00,45.387
12-09-2024 20:00:00,44.464
12-09-2024 21:00:00,45.119
12-09-2024 22:00:00,44.188
12-09-2024 23:00:00,41.062
12-10-2024 00:00:00,40.785
12-10-2024 01:00:00,43.026
12-10-2024 02:00:00,43.952
12-10-2024 03:00:00,44.332
12-10-2024 04:00:00,44.871
12-10-2024 05:00:00,45.105
12-10-2024 06:00:00,45.548
12-10-2024 07:00:00,45.868
12-10-2024 08:00:00,46.774
12-10-2024 09:00:00,47.258
12-10-2024 10:00:00,47.583
12-10-2024 11:00:00,48.192
12-10-2024 12:00:00,48.5
12-10-2024 13:00:00,48.338
12-10-2024 14:00:00,48.894
12-10-2024 15:00:00,49.773
12-10-2024 16:00:00,50.469
12-10-2024 17:00:00,49.926
12-10-2024 18:00:00,50.217
12-10-2024 19:00:00,50.76
12-10-2024 20:00:00,51.276
12-10-2024 21:00:00,52.42
12-10-2024 22:00:00,52.342
12-10-2024 23:00:00,51.92
12-11-2024 00:00:00,52.66
12-11-2024 01:00:00,57.551
12-11-2024 02:00:00,57.929
12-11-2024 03:00:00,57.573
12-11-2024 04:00:00,58.044
12-11-2024 05:00:00,59.388
12-11-2024 06:00:00,60.29
12-11-2024 07:00:00,60.798
12-11-2024 08:00:00,62.313
12-11-2024 09:00:00,64.815
12-11-2024 10:00:00,66.595
12-11-2024 11:00:00,64.549
12-11-2024 12:00:00,63.721
12-11-2024 13:00:00,63.654
12-11-2024 14:00:00,62.917
12-11-2024 15:00:00,62.081
12-11-2024 16:00:00,60.841
12-11-2024 17:00:00,58.659
12-11-2024 18:00:00,53.094
12-11-2024 19:00:00,50.56
12-11-2024 20:00:00,45.195
12-11-2024 21:00:00,42.476
12-11-2024 22:00:00,41.223
12-11-2024 23:00:00,39.35
12-12-2024 00:00:00,37.534
12-12-2024 01:00:00,36.851
12-12-2024 02:00:00,35.314
12-12-2024 03:00:00,34.04
12-12-2024 04:00:00,33.283
12-12-2024 05:00:00,32.167
12-12-2024 06:00:00,31.847
12-12-2024 07:00:00,33.218
12-12-2024 08:00:00,36.632
12-12-2024 09:00:00,39.665
12-12-2024 10:00:00,41.001
12-12-2024 11:00:00,41.416
12-12-2024 12:00:00,42.959
12-12-2024 13:00:00,42.935
12-12-2024 14:00:00,41.955
12-12-2024 15:00:00,39.71
12-12-2024 16:00:00,36.282
12-12-2024 17:00:00,33.439
12-12-2024 18:00:00,32.63
12-12-2024 19:00:00,31.401
12-12-2024 20:00:00,29.576
12-12-2024 21:00:00,28.705
12-12-2024 22:00:00,27.434
12-12-2024 23:00:00,25.585
12-13-2024 00:00:00,21.805
12-13-2024 01:00:00,20.699
12-13-2024 02:00:00,20.726
12-13-2024 03:00:00,23.374
12-13-2024 04:00:00,24.828
12-13-2024 05:00:00,23.634
12-13-2024 06:00:00,24.19
12-13-2024 07:00:00,26.308
12-13-2024 08:00:00,28.41
12-13-2024 09:00:00,30.579
12-13-2024 10:00:00,32.557
12-13-2024 11:00:00,34.204
12-13-2024 12:00:00,34.725
12-13-2024 13:00:00,36.219
12-13-2024 14:00:00,34.995
12-13-2024 15:00:00,34.768
12-13-2024 16:00:00,29.927
12-13-2024 17:00:00,26.8
12-13-2024 18:00:00,25.685
12-13-2024 19:00:00,21.392
12-13-2024 20:00:00,21.999
12-13-2024 21:00:00,25.264
12-13-2024 22:00:00,25.127
12-13-2024 23:00:00,23.473
12-14-2024 00:00:00,20.122
12-14-2024 01:00:00,18.566
12-14-2024 02:00:00,17.925
12-14-2024 03:00:00,17.17
12-14-2024 04:00:00,17.705
12-14-2024 05:00:00,17.06
12-14-2024 06:00:00,16.989
12-14-2024 07:00:00,18.496
12-14-2024 08:00:00,24.782
12-14-2024 09:00:00,28.703
12-14-2024 10:00:00,31.575
12-14-2024 11:00:00,33.617
12-14-2024 12:00:00,34.811
12-14-2024 13:00:00,35.374
12-14-2024 14:00:00,35.619
12-14-2024 15:00:00,34.032
12-14-2024 16:00:00,30.64
12-14-2024 17:00:00,25.463
12-14-2024 18:00:00,22.578
12-14-2024 19:00:00,22.051
12-14-2024 20:00:00,20.452
12-14-2024 21:00:00,18.88
12-14-2024 22:00:00,18.824
12-14-2024 23:00:00,19.809
12-15-2024 00:00:00,20.068
12-15-2024 01:00:00,20.014
12-15-2024 02:00:00,20.507
12-15-2024 03:00:00,21.535
12-15-2024 04:00:00,21.695
12-15-2024 05:00:00,21.278
12-15-2024 06:00:00,20.393
12-15-2024 07:00:00,22.063
12-15-2024 08:00:00,26.803
12-15-2024 09:00:00,29.925
12-15-2024 10:00:00,34.01
12-15-2024 11:00:00,35.565
12-15-2024 12:00:00,37.185
12-15-2024 13:00:00,37.52
12-15-2024 14:00:00,37.872
12-15-2024 15:00:00,37.899
12-15-2024 16:00:00,37.224
12-15-2024 17:00:00,35.967
12-15-2024 18:00:00,35.575
12-15-2024 19:00:00,35.949
12-15-2024 20:00:00,35.897
12-15-2024 21:00:00,35.923
12-15-2024 22:00:00,36.695
12-15-2024 23:00:00,36.954
12-16-2024 00:00:00,36.184
12-16-2024 01:00:00,36.581
12-16-2024 02:00:00,37.475
12-16-2024 03:00:00,38.942
12-16-2024 04:00:00,39.546
12-16-2024 05:00:00,41.168
12-16-2024 06:00:00,41.502
12-16-2024 07:00:00,40.055
12-16-2024 08:00:00,41.029
12-16-2024 09:00:00,43.624
12-16-2024 10:00:00,46.471
12-16-2024 11:00:00,48.128
12-16-2024 12:00:00,49.044
12-16-2024 13:00:00,49.785
12-16-2024 14:00:00,50.288
12-16-2024 15:00:00,50.789
12-16-2024 16:00:00,50.334
12-16-2024 17:00:00,49.366
12-16-2024 18:00:00,49.751
12-16-2024 19:00:00,49.585
12-16-2024 20:00:00,49.087
12-16-2024 21:00:00,49.051
12-16-2024 22:00:00,49.642
12-16-2024 23:00:00,50.553
12-17-2024 00:00:00,51.683
12-17-2024 01:00:00,52.128
12-17-2024 02:00:00,52.413
12-17-2024 03:00:00,52.413
12-17-2024 04:00:00,52.283
12-17-2024 05:00:00,52.39
12-17-2024 06:00:00,52.188
12-17-2024 07:00:00,52.269
12-17-2024 08:00:00,52.996
12-17-2024 09:00:00,54.172
12-17-2024 10:00:00,56.337
12-17-2024 11:00:00,58.626
12-17-2024 12:00:00,59.943
12-17-2024 13:00:00,61.491
12-17-2024 14:00:00,61.44
12-17-2024 15:00:00,59.554
12-17-2024 16:00:00,54.101
12-17-2024 17:00:00,50.751
12-17-2024 18:00:00,48.977
12-17-2024 19:00:00,44.791
12-17-2024 20:00:00,42.852
12-17-2024 21:00:00,43.87
12-17-2024 22:00:00,43.669
12-17-2024 23:00:00,39.368
12-18-2024 00:00:00,36.094
12-18-2024 01:00:00,34.401
12-18-2024 02:00:00,32.772
12-18-2024 03:00:00,31.669
12-18-2024 04:00:00,30.229
12-18-2024 05:00:00,29.401
12-18-2024 06:00:00,28.292
12-18-2024 07:00:00,29.497
12-18-2024 08:00:00,35.265
12-18-2024 09:00:00,42.668
12-18-2024 10:00:00,50.506
12-18-2024 11:00:00,55.718
12-18-2024 12:00:00,57.946
12-18-2024 13:00:00,57.616
12-18-2024 14:00:00,55.631
12-18-2024 15:00:00,54.036
12-18-2024 16:00:00,53.048
12-18-2024 17:00:00,52.371
12-18-2024 18:00:00,49.335
12-18-2024 19:00:00,47.126
12-18-2024 20:00:00,47.081
12-18-2024 21:00:00,46.567
12-18-2024 22:00:00,46.533
12-18-2024 23:00:00,46.357
12-19-2024 00:00:00,45.352
12-19-2024 01:00:00,44.527
12-19-2024 02:00:00,43.669
12-19-2024 03:00:00,41.961
12-19-2024 04:00:00,41.264
12-19-2024 05:00:00,39.501
12-19-2024 06:00:00,37.453
12-19-2024 07:00:00,34.708
12-19-2024 08:00:00,38.377
12-19-2024 09:00:00,42.947
12-19-2024 10:00:00,44.231
12-19-2024 11:00:00,45.616
12-19-2024 12:00:00,46.018
12-19-2024 13:00:00,45.501
12-19-2024 14:00:00,43.125
12-19-2024 15:00:00,41.495
12-19-2024 16:00:00,39.918
12-19-2024 17:00:00,37.146
12-19-2024 18:00:00,34.339
12-19-2024 19:00:00,35.005
12-19-2024 20:00:00,34.917
12-19-2024 21:00:00,35.149
12-19-2024 22:00:00,34.564
12-19-2024 23:00:00,34.205
12-20-2024 00:00:00,34.258
12-20-2024 01:00:00,34.652
12-20-2024 02:00:00,34.837
12-20-2024 03:00:00,34.62
12-20-2024 04:00:00,34.5
12-20-2024 05:00:00,34.893
12-20-2024 06:00:00,35.22
12-20-2024 07:00:00,35.371
12-20-2024 08:00:00,35.694
12-20-2024 09:00:00,36.093
12-20-2024 10:00:00,35.656
12-20-2024 11:00:00,36.165
12-20-2024 12:00:00,37.468
12-20-2024 13:00:00,34.911
12-20-2024 14:00:00,33.96
12-20-2024 15:00:00,34.178
12-20-2024 16:00:00,33.749
12-20-2024 17:00:00,33.426
12-20-2024 18:00:00,33.373
12-20-2024 19:00:00,33.521
12-20-2024 20:00:00,33.27
12-20-2024 21:00:00,33.102
12-20-2024 22:00:00,33.201
12-20-2024 23:00:00,33.134
12-21-2024 00:00:00,32.959
12-21-2024 01:00:00,32.501
12-21-2024 02:00:00,32.12
12-21-2024 03:00:00,32.029
12-21-2024 04:00:00,32.51
12-21-2024 05:00:00,31.548
12-21-2024 06:00:00,30.863
12-21-2024 07:00:00,29.931
12-21-2024 08:00:00,28.518
12-21-2024 09:00:00,29.258
12-21-2024 10:00:00,29.671
12-21-2024 11:00:00,29.965
12-21-2024 12:00:00,30.369
12-21-2024 13:00:00,29.692
12-21-2024 14:00:00,29.273
12-21-2024 15:00:00,27.39
12-21-2024 16:00:00,26.27
12-21-2024 17:00:00,25.183
12-21-2024 18:00:00,24.002
12-21-2024 19:00:00,22.739
12-21-2024 20:00:00,21.411
12-21-2024 21:00:00,20.353
12-21-2024 22:00:00,19.148
12-21-2024 23:00:00,18.017
12-22-2024 00:00:00,16.534
12-22-2024 01:00:00,16.036
12-22-2024 02:00:00,15.734
12-22-2024 03:00:00,14.62
12-22-2024 04:00:00,12.68
12-22-2024 05:00:00,10.672
12-22-2024 06:00:00,9.471
12-22-2024 07:00:00,10.82
12-22-2024 08:00:00,16.963
12-22-2024 09:00:00,19.247
12-22-2024 10:00:00,20.807
12-22-2024 11:00:00,22.281
12-22-2024 12:00:00,22.851
12-22-2024 13:00:00,23.81
12-22-2024 14:00:00,23.625
12-22-2024 15:00:00,22.428
12-22-2024 16:00:00,19.814
12-22-2024 17:00:00,16.232
12-22-2024 18:00:00,15.29
12-22-2024 19:00:00,16.869
12-22-2024 20:00:00,15.748
12-22-2024 21:00:00,14.55
12-22-2024 22:00:00,13.432
12-22-2024 23:00:00,12.422
12-23-2024 00:00:00,9.571
12-23-2024 01:00:00,9.502
12-23-2024 02:00:00,8.673
12-23-2024 03:00:00,7.816
12-23-2024 04:00:00,6.894
12-23-2024 05:00:00,6.378
12-23-2024 06:00:00,7.03
12-23-2024 07:00:00,7.918
12-23-2024 08:00:00,13.096
12-23-2024 09:00:00,16.082
12-23-2024 10:00:00,20.819
12-23-2024 11:00:00,25.07
12-23-2024 12:00:00,27.255
12-23-2024 13:00:00,29.311
12-23-2024 14:00:00,30.322
12-23-2024 15:00:00,28.642
12-23-2024 16:00:00,25.286
12-23-2024 17:00:00,21.582
12-23-2024 18:00:00,21.849
12-23-2024 19:00:00,21.925
12-23-2024 20:00:00,21.516
12-23-2024 21:00:00,22.183
12-23-2024 22:00:00,24.444
12-23-2024 23:00:00,23.636
12-24-2024 00:00:00,22.032
12-24-2024 01:00:00,22.123
12-24-2024 02:00:00,21.713
12-24-2024 03:00:00,20.641
12-24-2024 04:00:00,20.869
12-24-2024 05:00:00,22.128
12-24-2024 06:00:00,25.453
12-24-2024 07:00:00,27.014
12-24-2024 08:00:00,27.707
12-24-2024 09:00:00,30.234
12-24-2024 10:00:00,34.099
12-24-2024 11:00:00,34.822
12-24-2024 12:00:00,36.131
12-24-2024 13:00:00,40.515
12-24-2024 14:00:00,41.918
12-24-2024 15:00:00,42.719
12-24-2024 16:00:00,38.413
12-24-2024 17:00:00,36.873
12-24-2024 18:00:00,35.698
12-24-2024 19:00:00,34.96
12-24-2024 20:00:00,35.141
12-24-2024 21:00:00,31.63
12-24-2024 22:00:00,29.547
12-24-2024 23:00:00,26.101
12-25-2024 00:00:00,25.079
12-25-2024 01:00:00,26.969
12-25-2024 02:00:00,30.316
12-25-2024 03:00:00,31.09
12-25-2024 04:00:00,30.902
12-25-2024 05:00:00,29.987
12-25-2024 06:00:00,29.272
12-25-2024 07:00:00,30.927
12-25-2024 08:00:00,32.486
12-25-2024 09:00:00,34.087
12-25-2024 10:00:00,35.75
12-25-2024 11:00:00,36.536
12-25-2024 12:00:00,36.368
12-25-2024 13:00:00,36.504
12-25-2024 14:00:00,36.39
12-25-2024 15:00:00,34.978
12-25-2024 16:00:00,30.621
12-25-2024 17:00:00,25.299
12-25-2024 18:00:00,24.208
12-25-2024 19:00:00,23.593
12-25-2024 20:00:00,23.197
12-25-2024 21:00:00,22.19
12-25-2024 22:00:00,21.844
12-25-2024 23:00:00,22.167
12-26-2024 00:00:00,23.879
12-26-2024 01:00:00,23.241
12-26-2024 02:00:00,22.023
12-26-2024 03:00:00,22.153
12-26-2024 04:00:00,21.663
12-26-2024 05:00:00,20.227
12-26-2024 06:00:00,18.659
12-26-2024 07:00:00,18.763
12-26-2024 08:00:00,24.726
12-26-2024 09:00:00,27.64
12-26-2024 10:00:00,30.892
12-26-2024 11:00:00,34.597
12-26-2024 12:00:00,37.01
12-26-2024 13:00:00,37.678
12-26-2024 14:00:00,39.439
12-26-2024 15:00:00,38.317
12-26-2024 16:00:00,33.37
12-26-2024 17:00:00,27.813
12-26-2024 18:00:00,24.712
12-26-2024 19:00:00,22.971
12-26-2024 20:00:00,21.345
12-26-2024 21:00:00,19.951
12-26-2024 22:00:00,19.659
12-26-2024 23:00:00,19.249
12-27-2024 00:00:00,19.95
12-27-2024 01:00:00,19.228
12-27-2024 02:00:00,17.637
12-27-2024 03:00:00,17.922
12-27-2024 04:00:00,18.507
12-27-2024 05:00:00,19.26
12-27-2024 06:00:00,19.531
12-27-2024 07:00:00,20.039
12-27-2024 08:00:00,26.663
12-27-2024 09:00:00,29.601
12-27-2024 10:00:00,33.317
12-27-2024 11:00:00,38.394
12-27-2024 12:00:00,43.088
12-27-2024 13:00:00,45.86
12-27-2024 14:00:00,47.599
12-27-2024 15:00:00,45.517
12-27-2024 16:00:00,39.441
12-27-2024 17:00:00,34.209
12-27-2024 18:00:00,31.818
12-27-2024 19:00:00,32.427
12-27-2024 20:00:00,30.411
12-27-2024 21:00:00,29.55
12-27-2024 22:00:00,31.369
12-27-2024 23:00:00,34.272
12-28-2024 00:00:00,35.276
12-28-2024 01:00:00,35.454
12-28-2024 02:00:00,36.016
12-28-2024 03:00:00,36.474
12-28-2024 04:00:00,36.359
12-28-2024 05:00:00,35.953
12-28-2024 06:00:00,36.269
12-28-2024 07:00:00,36.676
12-28-2024 08:00:00,37.511
12-28-2024 09:00:00,38.724
12-28-2024 10:00:00,40.129
12-28-2024 11:00:00,42.536
12-28-2024 12:00:00,45.105
12-28-2024 13:00:00,46.49
12-28-2024 14:00:00,47.482
12-28-2024 15:00:00,47.772
12-28-2024 16:00:00,46.954
12-28-2024 17:00:00,46.03
12-28-2024 18:00:00,45.719
12-28-2024 19:00:00,45.495
12-28-2024 20:00:00,45.455
12-28-2024 21:00:00,45.415
12-28-2024 22:00:00,45.414
12-28-2024 23:00:00,45.372
12-29-2024 00:00:00,45.634
12-29-2024 01:00:00,45.424
12-29-2024 02:00:00,45.323
12-29-2024 03:00:00,45.428
12-29-2024 04:00:00,45.403
12-29-2024 05:00:00,45.414
12-29-2024 06:00:00,45.936
12-29-2024 07:00:00,46.677
12-29-2024 08:00:00,47.946
12-29-2024 09:00:00,50.485
12-29-2024 10:00:00,58.372
12-29-2024 11:00:00,66.438
12-29-2024 12:00:00,68.718
12-29-2024 13:00:00,67.619
12-29-2024 14:00:00,66.389
12-29-2024 15:00:00,64.834
12-29-2024 16:00:00,61.782
12-29-2024 17:00:00,60.454
12-29-2024 18:00:00,59.08
12-29-2024 19:00:00,59.023
12-29-2024 20:00:00,59.417
12-29-2024 21:00:00,59.536
12-29-2024 22:00:00,59.818
12-29-2024 23:00:00,58.753
12-30-2024 00:00:00,58.514
12-30-2024 01:00:00,58.634
12-30-2024 02:00:00,58.237
12-30-2024 03:00:00,57.875
12-30-2024 04:00:00,57.513
12-30-2024 05:00:00,57.349
12-30-2024 06:00:00,56.711
12-30-2024 07:00:00,56.111
12-30-2024 08:00:00,56.464
12-30-2024 09:00:00,57.131
12-30-2024 10:00:00,58.98
12-30-2024 11:00:00,59.322
12-30-2024 12:00:00,59.884
12-30-2024 13:00:00,58.377
12-30-2024 14:00:00,57.37
12-30-2024 15:00:00,55.611
12-30-2024 16:00:00,54.084
12-30-2024 17:00:00,50.154
12-30-2024 18:00:00,45.712
12-30-2024 19:00:00,44.187
12-30-2024 20:00:00,43.78
12-30-2024 21:00:00,38.905
12-30-2024 22:00:00,36.536
12-30-2024 23:00:00,36.204
12-31-2024 00:00:00,34.614
12-31-2024 01:00:00,32.829
12-31-2024 02:00:00,31.111
12-31-2024 03:00:00,29.648
12-31-2024 04:00:00,28.695
12-31-2024 05:00:00,28.173
12-31-2024 06:00:00,27.49
12-31-2024 07:00:00,28.26
12-31-2024 08:00:00,35.165
12-31-2024 09:00:00,41.613
12-31-2024 10:00:00,48.691
12-31-2024 11:00:00,54.558
12-31-2024 12:00:00,55.452
12-31-2024 13:00:00,54.879
12-31-2024 14:00:00,54.467
12-31-2024 15:00:00,53.566
12-31-2024 16:00:00,51.441
12-31-2024 17:00:00,49.747
12-31-2024 18:00:00,49.277
12-31-2024 19:00:00,47.857
12-31-2024 20:00:00,46.69
12-31-2024 21:00:00,47.15
12-31-2024 22:00:00,47.251
12-31-2024 23:00:00,44.148
01-01-2025 00:00:00,43.877
01-01-2025 01:00:00,45.355
01-01-2025 02:00:00,46.239
01-01-2025 03:00:00,46.79
01-01-2025 04:00:00,46.273
01-01-2025 05:00:00,46.138
01-01-2025 06:00:00,45.913
01-01-2025 07:00:00,44.861
01-01-2025 08:00:00,46.946
01-01-2025 09:00:00,49.826
01-01-2025 10:00:00,50.014
01-01-2025 11:00:00,50.308
01-01-2025 12:00:00,48.161
01-01-2025 13:00:00,46.555
01-01-2025 14:00:00,47.018
01-01-2025 15:00:00,46.213
01-01-2025 16:00:00,44.63
01-01-2025 17:00:00,42.796
01-01-2025 18:00:00,42.006
01-01-2025 19:00:00,41.216
01-01-2025 20:00:00,40.05
01-01-2025 21:00:00,38.831
01-01-2025 22:00:00,38.068
01-01-2025 23:00:00,37.585
01-02-2025 00:00:00,37.126
01-02-2025 01:00:00,37.253
01-02-2025 02:00:00,37.229
01-02-2025 03:00:00,37.273
01-02-2025 04:00:00,35.275
01-02-2025 05:00:00,34.899
01-02-2025 06:00:00,35.018
01-02-2025 07:00:00,34.485
01-02-2025 08:00:00,37.622
01-02-2025 09:00:00,39.936
01-02-2025 10:00:00,42.571
01-02-2025 11:00:00,43.894
01-02-2025 12:00:00,43.902
01-02-2025 13:00:00,41.556
01-02-2025 14:00:00,40.445
01-02-2025 15:00:00,38.759
01-02-2025 16:00:00,36.929
01-02-2025 17:00:00,35.439
01-02-2025 18:00:00,34.284
01-02-2025 19:00:00,33.567
01-02-2025 20:00:00,33.067
01-02-2025 21:00:00,32.202
01-02-2025 22:00:00,31.49
01-02-2025 23:00:00,32.372
01-03-2025 00:00:00,32.811
01-03-2025 01:00:00,32.737
01-03-2025 02:00:00,31.962
01-03-2025 03:00:00,32.107
01-03-2025 04:00:00,31.707
01-03-2025 05:00:00,30.436
01-03-2025 06:00:00,29.036
01-03-2025 07:00:00,28.938
01-03-2025 08:00:00,31.61
01-03-2025 09:00:00,34.323
01-03-2025 10:00:00,36.091
01-03-2025 11:00:00,38.704
01-03-2025 12:00:00,40.219
01-03-2025 13:00:00,40.555
01-03-2025 14:00:00,40.422
01-03-2025 15:00:00,38.366
01-03-2025 16:00:00,35.538
01-03-2025 17:00:00,32.686
01-03-2025 18:00:00,30.071
01-03-2025 19:00:00,29.337
01-03-2025 20:00:00,29.272
01-03-2025 21:00:00,27.406
01-03-2025 22:00:00,27.166
01-03-2025 23:00:00,26.572
01-04-2025 00:00:00,26.373
01-04-2025 01:00:00,26.777
01-04-2025 02:00:00,28.375
01-04-2025 03:00:00,28.949
01-04-2025 04:00:00,28.157
01-04-2025 05:00:00,27.189
01-04-2025 06:00:00,26.977
01-04-2025 07:00:00,27.498
01-04-2025 08:00:00,31.003
01-04-2025 09:00:00,31.797
01-04-2025 10:00:00,32.561
01-04-2025 11:00:00,33.279
01-04-2025 12:00:00,34.077
01-04-2025 13:00:00,33.903
01-04-2025 14:00:00,33.115
01-04-2025 15:00:00,32.363
01-04-2025 16:00:00,29.885
01-04-2025 17:00:00,29.226
01-04-2025 18:00:00,28.175
01-04-2025 19:00:00,27.927
01-04-2025 20:00:00,27.409
01-04-2025 21:00:00,26.782
01-04-2025 22:00:00,26.692
01-04-2025 23:00:00,25.742
01-05-2025 00:00:00,26.014
01-05-2025 01:00:00,26.629
01-05-2025 02:00:00,26.791
01-05-2025 03:00:00,26.647
01-05-2025 04:00:00,24.944
01-05-2025 05:00:00,25.156
01-05-2025 06:00:00,25.024
01-05-2025 07:00:00,25.045
01-05-2025 08:00:00,28.749
01-05-2025 09:00:00,30.732
01-05-2025 10:00:00,32.148
01-05-2025 11:00:00,33.916
01-05-2025 12:00:00,35.018
01-05-2025 13:00:00,36.073
01-05-2025 14:00:00,35.966
01-05-2025 15:00:00,34.084
01-05-2025 16:00:00,30.702
01-05-2025 17:00:00,27.775
01-05-2025 18:00:00,26.767
01-05-2025 19:00:00,26.028
01-05-2025 20:00:00,25.226
01-05-2025 21:00:00,25.788
01-05-2025 22:00:00,26.099
01-05-2025 23:00:00,26.352
01-06-2025 00:00:00,26.352
01-06-2025 01:00:00,26.618
01-06-2025 02:00:00,26.535
01-06-2025 03:00:00,24.776
01-06-2025 04:00:00,25.531
01-06-2025 05:00:00,26.771
01-06-2025 06:00:00,27.472
01-06-2025 07:00:00,27.812
01-06-2025 08:00:00,27.136
01-06-2025 09:00:00,26.834
01-06-2025 10:00:00,26.927
01-06-2025 11:00:00,27.349
01-06-2025 12:00:00,28.562
01-06-2025 13:00:00,29.801
01-06-2025 14:00:00,30.645
01-06-2025 15:00:00,30.151
01-06-2025 16:00:00,29.825
01-06-2025 17:00:00,29.578
01-06-2025 18:00:00,29.61
01-06-2025 19:00:00,29.618
01-06-2025 20:00:00,29.01
01-06-2025 21:00:00,28.213
01-06-2025 22:00:00,26.541
01-06-2025 23:00:00,23.287
01-07-2025 00:00:00,20.33
01-07-2025 01:00:00,17.767
01-07-2025 02:00:00,18.44
01-07-2025 03:00:00,19.556
01-07-2025 04:00:00,20.598
01-07-2025 05:00:00,21.355
01-07-2025 06:00:00,21.204
01-07-2025 07:00:00,21.103
01-07-2025 08:00:00,23.938
01-07-2025 09:00:00,24.527
01-07-2025 10:00:00,26.841
01-07-2025 11:00:00,29.624
01-07-2025 12:00:00,32.435
01-07-2025 13:00:00,34.058
01-07-2025 14:00:00,34.945
01-07-2025 15:00:00,33.739
01-07-2025 16:00:00,31.419
01-07-2025 17:00:00,29.397
01-07-2025 18:00:00,28.563
01-07-2025 19:00:00,27.298
01-07-2025 20:00:00,26.563
01-07-2025 21:00:00,26.012
01-07-2025 22:00:00,25.229
01-07-2025 23:00:00,24.618
01-08-2025 00:00:00,23.813
01-08-2025 01:00:00,23.832
01-08-2025 02:00:00,23.505
01-08-2025 03:00:00,23.332
01-08-2025 04:00:00,23.944
01-08-2025 05:00:00,23.228
01-08-2025 06:00:00,22.366
01-08-2025 07:00:00,22.208
01-08-2025 08:00:00,25.89
01-08-2025 09:00:00,26.944
01-08-2025 10:00:00,29.768
01-08-2025 11:00:00,31.414
01-08-2025 12:00:00,31.976
01-08-2025 13:00:00,32.002
01-08-2025 14:00:00,32.024
01-08-2025 15:00:00,30.372
01-08-2025 16:00:00,27.528
01-08-2025 17:00:00,25.501
01-08-2025 18:00:00,23.888
01-08-2025 19:00:00,22.682
01-08-2025 20:00:00,21.73
01-08-2025 21:00:00,20.954
01-08-2025 22:00:00,20.19
01-08-2025 23:00:00,19.354
01-09-2025 00:00:00,19.288
01-09-2025 01:00:00,19.339
01-09-2025 02:00:00,19.196
01-09-2025 03:00:00,19.5
01-09-2025 04:00:00,19.934
01-09-2025 05:00:00,20.005
01-09-2025 06:00:00,19.916
01-09-2025 07:00:00,20.479
01-09-2025 08:00:00,23.89
01-09-2025 09:00:00,25.472
01-09-2025 10:00:00,28.14
01-09-2025 11:00:00,31.156
01-09-2025 12:00:00,33.999
01-09-2025 13:00:00,35.143
01-09-2025 14:00:00,35.052
01-09-2025 15:00:00,34.842
01-09-2025 16:00:00,32.505
01-09-2025 17:00:00,31.006
01-09-2025 18:00:00,30.29
01-09-2025 19:00:00,28.808
01-09-2025 20:00:00,28.037
01-09-2025 21:00:00,26.977
01-09-2025 22:00:00,25.961
01-09-2025 23:00:00,25.56
01-10-2025 00:00:00,25.25
01-10-2025 01:00:00,24.432
01-10-2025 02:00:00,24.296
01-10-2025 03:00:00,23.74
01-10-2025 04:00:00,23.238
01-10-2025 05:00:00,23.718
01-10-2025 06:00:00,22.963
01-10-2025 07:00:00,23.26
01-10-2025 08:00:00,27.863
01-10-2025 09:00:00,30.076
01-10-2025 10:00:00,32.893
01-10-2025 11:00:00,37.127
01-10-2025 12:00:00,38.806
01-10-2025 13:00:00,40.554
01-10-2025 14:00:00,39.958
01-10-2025 15:00:00,39.201
01-10-2025 16:00:00,36.712
01-10-2025 17:00:00,33.978
01-10-2025 18:00:00,32.832
01-10-2025 19:00:00,32.04
01-10-2025 20:00:00,32.507
01-10-2025 21:00:00,31.811
01-10-2025 22:00:00,30.775
01-10-2025 23:00:00,30.976
01-11-2025 00:00:00,30.792
01-11-2025 01:00:00,30.422
01-11-2025 02:00:00,30.037
01-11-2025 03:00:00,28.871
01-11-2025 04:00:00,28.145
01-11-2025 05:00:00,27.91
01-11-2025 06:00:00,27.589
01-11-2025 07:00:00,27.138
01-11-2025 08:00:00,28.897
01-11-2025 09:00:00,31.047
01-11-2025 10:00:00,31.897
01-11-2025 11:00:00,34.309
01-11-2025 12:00:00,34.284
01-11-2025 13:00:00,35.251
01-11-2025 14:00:00,35.773
01-11-2025 15:00:00,35.204
01-11-2025 16:00:00,32.824
01-11-2025 17:00:00,30.26
01-11-2025 18:00:00,29.672
01-11-2025 19:00:00,29.515
01-11-2025 20:00:00,28.607
01-11-2025 21:00:00,28.25
01-11-2025 22:00:00,27.076
01-11-2025 23:00:00,26.97
01-12-2025 00:00:00,28.434
01-12-2025 01:00:00,27.414
01-12-2025 02:00:00,29.708
01-12-2025 03:00:00,32.381
01-12-2025 04:00:00,32.871
01-12-2025 05:00:00,31.3
01-12-2025 06:00:00,27.288
01-12-2025 07:00:00,25.745
01-12-2025 08:00:00,33.168
01-12-2025 09:00:00,38.178
01-12-2025 10:00:00,40.832
01-12-2025 11:00:00,42.526
01-12-2025 12:00:00,44.075
01-12-2025 13:00:00,46.464
01-12-2025 14:00:00,43.767
01-12-2025 15:00:00,40.729
01-12-2025 16:00:00,39.204
01-12-2025 17:00:00,31.983
01-12-2025 18:00:00,29.393
01-12-2025 19:00:00,28.007
01-12-2025 20:00:00,27.431
01-12-2025 21:00:00,30.283
01-12-2025 22:00:00,30.997
01-12-2025 23:00:00,32.507
01-13-2025 00:00:00,31.651
01-13-2025 01:00:00,28.725
01-13-2025 02:00:00,26.907
01-13-2025 03:00:00,26.994
01-13-2025 04:00:00,23.359
01-13-2025 05:00:00,24.987
01-13-2025 06:00:00,26.149
01-13-2025 07:00:00,25.287
01-13-2025 08:00:00,32.552
01-13-2025 09:00:00,34.5
01-13-2025 10:00:00,37.685
01-13-2025 11:00:00,39.369
01-13-2025 12:00:00,42.208
01-13-2025 13:00:00,41.372
01-13-2025 14:00:00,42.966
01-13-2025 15:00:00,42.977
01-13-2025 16:00:00,41.326
01-13-2025 17:00:00,37.991
01-13-2025 18:00:00,32.223
01-13-2025 19:00:00,29.231
01-13-2025 20:00:00,27.638
01-13-2025 21:00:00,27.61
01-13-2025 22:00:00,28.994
01-13-2025 23:00:00,25.868
01-14-2025 00:00:00,22.835
01-14-2025 01:00:00,26.584
01-14-2025 02:00:00,27.633
01-14-2025 03:00:00,27.012
01-14-2025 04:00:00,26.668
01-14-2025 05:00:00,25.667
01-14-2025 06:00:00,24.795
01-14-2025 07:00:00,24.605
01-14-2025 08:00:00,27.5
01-14-2025 09:00:00,28.115
01-14-2025 10:00:00,30.564
01-14-2025 11:00:00,31.989
01-14-2025 12:00:00,33.082
01-14-2025 13:00:00,34.635
01-14-2025 14:00:00,33.535
01-14-2025 15:00:00,32.443
01-14-2025 16:00:00,30.042
01-14-2025 17:00:00,28.68
01-14-2025 18:00:00,27.852
01-14-2025 19:00:00,27.99
01-14-2025 20:00:00,27.454
01-14-2025 21:00:00,25.78
01-14-2025 22:00:00,23.347
01-14-2025 23:00:00,22.013
01-15-2025 00:00:00,20.906
01-15-2025 01:00:00,19.935
01-15-2025 02:00:00,19.761
01-15-2025 03:00:00,19.53
01-15-2025 04:00:00,19.572
01-15-2025 05:00:00,19.856
01-15-2025 06:00:00,20.037
01-15-2025 07:00:00,21.052
01-15-2025 08:00:00,25.145
01-15-2025 09:00:00,27.414
01-15-2025 10:00:00,30.158
01-15-2025 11:00:00,31.95
01-15-2025 12:00:00,33.078
01-15-2025 13:00:00,34.508
01-15-2025 14:00:00,34.451
01-15-2025 15:00:00,33.639
01-15-2025 16:00:00,30.808
01-15-2025 17:00:00,28.52
01-15-2025 18:00:00,27.6
01-15-2025 19:00:00,25.566
01-15-2025 20:00:00,25.739
01-15-2025 21:00:00,26.69
01-15-2025 22:00:00,25.818
01-15-2025 23:00:00,27.039
01-16-2025 00:00:00,24.35
01-16-2025 01:00:00,22.729
01-16-2025 02:00:00,20.862
01-16-2025 03:00:00,17.42
01-16-2025 04:00:00,15.444
01-16-2025 05:00:00,13.417
01-16-2025 06:00:00,13.263
01-16-2025 07:00:00,14.164
01-16-2025 08:00:00,22.385
01-16-2025 09:00:00,26.629
01-16-2025 10:00:00,28.517
01-16-2025 11:00:00,30.891
01-16-2025 12:00:00,34.576
01-16-2025 13:00:00,32.532
01-16-2025 14:00:00,32.419
01-16-2025 15:00:00,31.514
01-16-2025 16:00:00,29.086
01-16-2025 17:00:00,27.571
01-16-2025 18:00:00,27.366
01-16-2025 19:00:00,27.211
01-16-2025 20:00:00,26.859
01-16-2025 21:00:00,26.386
01-16-2025 22:00:00,26.024
01-16-2025 23:00:00,25.311
01-17-2025 00:00:00,24.621
01-17-2025 01:00:00,25.046
01-17-2025 02:00:00,23.219
01-17-2025 03:00:00,22.038
01-17-2025 04:00:00,20.153
01-17-2025 05:00:00,18.669
01-17-2025 06:00:00,17.595
01-17-2025 07:00:00,19.852
01-17-2025 08:00:00,28.62
01-17-2025 09:00:00,32.814
01-17-2025 10:00:00,36.433
01-17-2025 11:00:00,41.787
01-17-2025 12:00:00,45.225
01-17-2025 13:00:00,44.199
01-17-2025 14:00:00,44.153
01-17-2025 15:00:00,44.178
01-17-2025 16:00:00,40.906
01-17-2025 17:00:00,31.425
01-17-2025 18:00:00,26.719
01-17-2025 19:00:00,24.586
01-17-2025 20:00:00,22.795
01-17-2025 21:00:00,22.406
01-17-2025 22:00:00,21.728
01-17-2025 23:00:00,20.566
01-18-2025 00:00:00,21.729
01-18-2025 01:00:00,23.975
01-18-2025 02:00:00,24.727
01-18-2025 03:00:00,25.629
01-18-2025 04:00:00,25.537
01-18-2025 05:00:00,24.637
01-18-2025 06:00:00,26.726
01-18-2025 07:00:00,28.835
01-18-2025 08:00:00,30.415
01-18-2025 09:00:00,35.073
01-18-2025 10:00:00,38.417
01-18-2025 11:00:00,42.295
01-18-2025 12:00:00,46.038
01-18-2025 13:00:00,44.057
01-18-2025 14:00:00,40.782
01-18-2025 15:00:00,39.385
01-18-2025 16:00:00,39.733
01-18-2025 17:00:00,37.81
01-18-2025 18:00:00,35.935
01-18-2025 19:00:00,37.567
01-18-2025 20:00:00,38.315
01-18-2025 21:00:00,36.541
01-18-2025 22:00:00,34.423
01-18-2025 23:00:00,32.194
01-19-2025 00:00:00,31.16
01-19-2025 01:00:00,30.061
01-19-2025 02:00:00,29.049
01-19-2025 03:00:00,31.215
01-19-2025 04:00:00,27.78
01-19-2025 05:00:00,28.434
01-19-2025 06:00:00,28.791
01-19-2025 07:00:00,30.554
01-19-2025 08:00:00,34.212
01-19-2025 09:00:00,36.316
01-19-2025 10:00:00,37.099
01-19-2025 11:00:00,37.256
01-19-2025 12:00:00,36.444
01-19-2025 13:00:00,34.007
01-19-2025 14:00:00,32.891
01-19-2025 15:00:00,32.337
01-19-2025 16:00:00,31.828
01-19-2025 17:00:00,29.957
01-19-2025 18:00:00,29.373
01-19-2025 19:00:00,28.389
01-19-2025 20:00:00,27.577
01-19-2025 21:00:00,26.224
01-19-2025 22:00:00,24.52
01-19-2025 23:00:00,22.692
01-20-2025 00:00:00,21.467
01-20-2025 01:00:00,18.496
01-20-2025 02:00:00,17.476
01-20-2025 03:00:00,16.171
01-20-2025 04:00:00,15.574
01-20-2025 05:00:00,15.005
01-20-2025 06:00:00,13.312
01-20-2025 07:00:00,12.292
01-20-2025 08:00:00,20.835
01-20-2025 09:00:00,22.37
01-20-2025 10:00:00,24.529
01-20-2025 11:00:00,26.544
01-20-2025 12:00:00,26.789
01-20-2025 13:00:00,27.973
01-20-2025 14:00:00,25.159
01-20-2025 15:00:00,23.869
01-20-2025 16:00:00,20.888
01-20-2025 17:00:00,17.144
01-20-2025 18:00:00,15.626
01-20-2025 19:00:00,13.017
01-20-2025 20:00:00,11.033
01-20-2025 21:00:00,10.543
01-20-2025 22:00:00,6.775
01-20-2025 23:00:00,4.807
01-21-2025 00:00:00,4.406
01-21-2025 01:00:00,3.695
01-21-2025 02:00:00,2.623
01-21-2025 03:00:00,3.188
01-21-2025 04:00:00,1.175
01-21-2025 05:00:00,-0.415
01-21-2025 06:00:00,-0.041
01-21-2025 07:00:00,-0.425
01-21-2025 08:00:00,3.93
01-21-2025 09:00:00,13.052
01-21-2025 10:00:00,17.393
01-21-2025 11:00:00,20.416
01-21-2025 12:00:00,22.059
01-21-2025 13:00:00,23.68
01-21-2025 14:00:00,22.263
01-21-2025 15:00:00,19.681
01-21-2025 16:00:00,17.774
01-21-2025 17:00:00,16.294
01-21-2025 18:00:00,15.856
01-21-2025 19:00:00,15.431
01-21-2025 20:00:00,14.984
01-21-2025 21:00:00,14.484
01-21-2025 22:00:00,13.593
01-21-2025 23:00:00,11.977
01-22-2025 00:00:00,11.575
01-22-2025 01:00:00,9.89
01-22-2025 02:00:00,7.448
01-22-2025 03:00:00,2.469
01-22-2025 04:00:00,1.773
01-22-2025 05:00:00,5.433
01-22-2025 06:00:00,2.401
01-22-2025 07:00:00,0.06
01-22-2025 08:00:00,6.97
01-22-2025 09:00:00,11.122
01-22-2025 10:00:00,14.71
01-22-2025 11:00:00,17.7
01-22-2025 12:00:00,21.497
01-22-2025 13:00:00,23.586
01-22-2025 14:00:00,24.608
01-22-2025 15:00:00,23.684
01-22-2025 16:00:00,20.043
01-22-2025 17:00:00,12.928
01-22-2025 18:00:00,10.259
01-22-2025 19:00:00,11.109
01-22-2025 20:00:00,8.97
01-22-2025 21:00:00,7.026
01-22-2025 22:00:00,4.996
01-22-2025 23:00:00,3.84
01-23-2025 00:00:00,3.101
01-23-2025 01:00:00,2.979
01-23-2025 02:00:00,4.277
01-23-2025 03:00:00,5.393
01-23-2025 04:00:00,8.414
01-23-2025 05:00:00,9.319
01-23-2025 06:00:00,6.957
01-23-2025 07:00:00,7.262
01-23-2025 08:00:00,19.148
01-23-2025 09:00:00,25.71
01-23-2025 10:00:00,28.088
01-23-2025 11:00:00,31.397
01-23-2025 12:00:00,32.346
01-23-2025 13:00:00,33.705
01-23-2025 14:00:00,31.993
01-23-2025 15:00:00,30.778
01-23-2025 16:00:00,29.041
01-23-2025 17:00:00,22.757
01-23-2025 18:00:00,18.918
01-23-2025 19:00:00,15.385
01-23-2025 20:00:00,13.486
01-23-2025 21:00:00,11.982
01-23-2025 22:00:00,11.894
01-23-2025 23:00:00,10.166
01-24-2025 00:00:00,9.126
01-24-2025 01:00:00,8.019
01-24-2025 02:00:00,6.888
01-24-2025 03:00:00,9.948
01-24-2025 04:00:00,15.612
01-24-2025 05:00:00,13.768
01-24-2025 06:00:00,8.546
01-24-2025 07:00:00,12.687
01-24-2025 08:00:00,24.719
01-24-2025 09:00:00,29.484
01-24-2025 10:00:00,33.408
01-24-2025 11:00:00,34.568
01-24-2025 12:00:00,35.694
01-24-2025 13:00:00,36.228
01-24-2025 14:00:00,36.425
01-24-2025 15:00:00,34.741
01-24-2025 16:00:00,31.509
01-24-2025 17:00:00,26.595
01-24-2025 18:00:00,22.431
01-24-2025 19:00:00,18.805
01-24-2025 20:00:00,18.087
01-24-2025 21:00:00,16.438
01-24-2025 22:00:00,12.724
01-24-2025 23:00:00,10.901
01-25-2025 00:00:00,9.551
01-25-2025 01:00:00,7.768
01-25-2025 02:00:00,11.147
01-25-2025 03:00:00,15.362
01-25-2025 04:00:00,15.173
01-25-2025 05:00:00,11.527
01-25-2025 06:00:00,8.353
01-25-2025 07:00:00,8.843
01-25-2025 08:00:00,22.98
01-25-2025 09:00:00,26.748
01-25-2025 10:00:00,32.17
01-25-2025 11:00:00,35.033
01-25-2025 12:00:00,35.835
01-25-2025 13:00:00,35.714
01-25-2025 14:00:00,37.095
01-25-2025 15:00:00,35.295
01-25-2025 16:00:00,32.873
01-25-2025 17:00:00,30.309
01-25-2025 18:00:00,29.424
01-25-2025 19:00:00,29.086
01-25-2025 20:00:00,29.196
01-25-2025 21:00:00,29.896
01-25-2025 22:00:00,29.477
01-25-2025 23:00:00,27.423
01-26-2025 00:00:00,24.462
01-26-2025 01:00:00,24.282
01-26-2025 02:00:00,24.006
01-26-2025 03:00:00,23.672
01-26-2025 04:00:00,25.059
01-26-2025 05:00:00,26.045
01-26-2025 06:00:00,27.308
01-26-2025 07:00:00,28.296
01-26-2025 08:00:00,31.223
01-26-2025 09:00:00,36.553
01-26-2025 10:00:00,40.6
01-26-2025 11:00:00,42.29
01-26-2025 12:00:00,43.159
01-26-2025 13:00:00,45.259
01-26-2025 14:00:00,44.366
01-26-2025 15:00:00,42.795
01-26-2025 16:00:00,39.481
01-26-2025 17:00:00,33.877
01-26-2025 18:00:00,28.142
01-26-2025 19:00:00,23.721
01-26-2025 20:00:00,21.406
01-26-2025 21:00:00,19.678
01-26-2025 22:00:00,18.429
01-26-2025 23:00:00,18.296
01-27-2025 00:00:00,18.341
01-27-2025 01:00:00,19.783
01-27-2025 02:00:00,23.085
01-27-2025 03:00:00,24.048
01-27-2025 04:00:00,23.187
01-27-2025 05:00:00,20.88
01-27-2025 06:00:00,19.722
01-27-2025 07:00:00,26.026
01-27-2025 08:00:00,33.651
01-27-2025 09:00:00,36.141
01-27-2025 10:00:00,39.073
01-27-2025 11:00:00,40.673
01-27-2025 12:00:00,42.945
01-27-2025 13:00:00,43.712
01-27-2025 14:00:00,44.274
01-27-2025 15:00:00,43.966
01-27-2025 16:00:00,41.729
01-27-2025 17:00:00,34.456
01-27-2025 18:00:00,28.35
01-27-2025 19:00:00,30.968
01-27-2025 20:00:00,33.114
01-27-2025 21:00:00,32.816
01-27-2025 22:00:00,31.975
01-27-2025 23:00:00,31.673
01-28-2025 00:00:00,31.794
01-28-2025 01:00:00,28.207
01-28-2025 02:00:00,29.383
01-28-2025 03:00:00,31.562
01-28-2025 04:00:00,29.808
01-28-2025 05:00:00,34.505
01-28-2025 06:00:00,36.313
01-28-2025 07:00:00,37.739
01-28-2025 08:00:00,39.788
01-28-2025 09:00:00,42.515
01-28-2025 10:00:00,43.353
01-28-2025 11:00:00,43.167
01-28-2025 12:00:00,43.33
01-28-2025 13:00:00,45.68
01-28-2025 14:00:00,45.135
01-28-2025 15:00:00,44.138
01-28-2025 16:00:00,40.979
01-28-2025 17:00:00,37.156
01-28-2025 18:00:00,31.967
01-28-2025 19:00:00,28.179
01-28-2025 20:00:00,26.156
01-28-2025 21:00:00,25.742
01-28-2025 22:00:00,24.27
01-28-2025 23:00:00,22.694
01-29-2025 00:00:00,24.639
01-29-2025 01:00:00,30.32
01-29-2025 02:00:00,31.608
01-29-2025 03:00:00,30.113
01-29-2025 04:00:00,28.34
01-29-2025 05:00:00,27.629
01-29-2025 06:00:00,27.402
01-29-2025 07:00:00,31.376
01-29-2025 08:00:00,39.97
01-29-2025 09:00:00,45.476
01-29-2025 10:00:00,50.886
01-29-2025 11:00:00,53.403
01-29-2025 12:00:00,52.69
01-29-2025 13:00:00,53.696
01-29-2025 14:00:00,51.74
01-29-2025 15:00:00,49.416
01-29-2025 16:00:00,47.899
01-29-2025 17:00:00,43.494
01-29-2025 18:00:00,41.324
01-29-2025 19:00:00,40.34
01-29-2025 20:00:00,39.264
01-29-2025 21:00:00,38.169
01-29-2025 22:00:00,36.582
01-29-2025 23:00:00,35.167
01-30-2025 00:00:00,33.785
01-30-2025 01:00:00,32.258
01-30-2025 02:00:00,30.919
01-30-2025 03:00:00,29.208
01-30-2025 04:00:00,27.641
01-30-2025 05:00:00,26.847
01-30-2025 06:00:00,25.706
01-30-2025 07:00:00,27.124
01-30-2025 08:00:00,31.648
01-30-2025 09:00:00,31.415
01-30-2025 10:00:00,34.866
01-30-2025 11:00:00,37.199
01-30-2025 12:00:00,39.504
01-30-2025 13:00:00,40.921
01-30-2025 14:00:00,42.684
01-30-2025 15:00:00,42.077
01-30-2025 16:00:00,38.027
01-30-2025 17:00:00,31.962
01-30-2025 18:00:00,29.24
01-30-2025 19:00:00,28.021
01-30-2025 20:00:00,30.007
01-30-2025 21:00:00,29.34
01-30-2025 22:00:00,28.427
01-30-2025 23:00:00,29.111
01-31-2025 00:00:00,31.222
01-31-2025 01:00:00,32.56
01-31-2025 02:00:00,33.548
01-31-2025 03:00:00,34.363
01-31-2025 04:00:00,36.882
01-31-2025 05:00:00,36.514
01-31-2025 06:00:00,36.703
01-31-2025 07:00:00,36.722
01-31-2025 08:00:00,38.399
01-31-2025 09:00:00,40.935
01-31-2025 10:00:00,43.439
01-31-2025 11:00:00,46.275
01-31-2025 12:00:00,46.495
01-31-2025 13:00:00,46.112
01-31-2025 14:00:00,45.491
01-31-2025 15:00:00,45.099
01-31-2025 16:00:00,45.295
01-31-2025 17:00:00,44.836
01-31-2025 18:00:00,45.689
01-31-2025 19:00:00,47.353
01-31-2025 20:00:00,48.1
01-31-2025 21:00:00,47.274
01-31-2025 22:00:00,48.85
01-31-2025 23:00:00,48.477
02-01-2025 00:00:00,47.578
02-01-2025 01:00:00,47.668
02-01-2025 02:00:00,47.619
02-01-2025 03:00:00,46.777
02-01-2025 04:00:00,44.058
02-01-2025 05:00:00,41.522
02-01-2025 06:00:00,40.25
02-01-2025 07:00:00,37.737
02-01-2025 08:00:00,35.418
02-01-2025 09:00:00,35.676
02-01-2025 10:00:00,36.847
02-01-2025 11:00:00,37.038
02-01-2025 12:00:00,37.958
02-01-2025 13:00:00,38.118
02-01-2025 14:00:00,37.72
02-01-2025 15:00:00,36.555
02-01-2025 16:00:00,33.961
02-01-2025 17:00:00,30.628
02-01-2025 18:00:00,28.708
02-01-2025 19:00:00,27.249
02-01-2025 20:00:00,25.769
02-01-2025 21:00:00,24.379
02-01-2025 22:00:00,23.009
02-01-2025 23:00:00,21.649
02-02-2025 00:00:00,20.176
02-02-2025 01:00:00,18.948
02-02-2025 02:00:00,17.769
02-02-2025 03:00:00,17.086
02-02-2025 04:00:00,17.723
02-02-2025 05:00:00,18.096
02-02-2025 06:00:00,17.465
02-02-2025 07:00:00,18.353
02-02-2025 08:00:00,21.312
02-02-2025 09:00:00,23.644
02-02-2025 10:00:00,26.599
02-02-2025 11:00:00,28.738
02-02-2025 12:00:00,31.359
02-02-2025 13:00:00,31.981
02-02-2025 14:00:00,32.636
02-02-2025 15:00:00,31.874
02-02-2025 16:00:00,30.937
02-02-2025 17:00:00,31.064
02-02-2025 18:00:00,31.343
02-02-2025 19:00:00,31.417
02-02-2025 20:00:00,31.392
02-02-2025 21:00:00,31.208
02-02-2025 22:00:00,31.94
02-02-2025 23:00:00,31.932
02-03-2025 00:00:00,29.553
02-03-2025 01:00:00,29.52
02-03-2025 02:00:00,28.883
02-03-2025 03:00:00,24.637
02-03-2025 04:00:00,23.621
02-03-2025 05:00:00,22.817
02-03-2025 06:00:00,22.411
02-03-2025 07:00:00,24.507
02-03-2025 08:00:00,32.718
02-03-2025 09:00:00,36.666
02-03-2025 10:00:00,40.117
02-03-2025 11:00:00,46.545
02-03-2025 12:00:00,51.349
02-03-2025 13:00:00,52.221
02-03-2025 14:00:00,53.193
02-03-2025 15:00:00,53.337
02-03-2025 16:00:00,52.061
02-03-2025 17:00:00,44.547
02-03-2025 18:00:00,39.921
02-03-2025 19:00:00,38.939
02-03-2025 20:00:00,41.322
02-03-2025 21:00:00,44.078
02-03-2025 22:00:00,41.042
02-03-2025 23:00:00,36.549
02-04-2025 00:00:00,37.461
02-04-2025 01:00:00,37.615
02-04-2025 02:00:00,35.995
02-04-2025 03:00:00,37.389
02-04-2025 04:00:00,40.671
02-04-2025 05:00:00,45.271
02-04-2025 06:00:00,45.112
02-04-2025 07:00:00,43.769
02-04-2025 08:00:00,45.363
02-04-2025 09:00:00,43.904
02-04-2025 10:00:00,45.717
02-04-2025 11:00:00,47.601
02-04-2025 12:00:00,46.475
02-04-2025 13:00:00,45.228
02-04-2025 14:00:00,45.043
02-04-2025 15:00:00,43.524
02-04-2025 16:00:00,41.019
02-04-2025 17:00:00,38.441
02-04-2025 18:00:00,36.453
02-04-2025 19:00:00,34.784
02-04-2025 20:00:00,34.112
02-04-2025 21:00:00,33.286
02-04-2025 22:00:00,31.555
02-04-2025 23:00:00,30.135
02-05-2025 00:00:00,28.803
02-05-2025 01:00:00,30.106
02-05-2025 02:00:00,30.128
02-05-2025 03:00:00,30.195
02-05-2025 04:00:00,29.616
02-05-2025 05:00:00,29.056
02-05-2025 06:00:00,28.32
02-05-2025 07:00:00,28.142
02-05-2025 08:00:00,29.626
02-05-2025 09:00:00,31.35
02-05-2025 10:00:00,31.211
02-05-2025 11:00:00,34.739
02-05-2025 12:00:00,38.277
02-05-2025 13:00:00,38.481
02-05-2025 14:00:00,39.261
02-05-2025 15:00:00,39.379
02-05-2025 16:00:00,35.95
02-05-2025 17:00:00,31.656
02-05-2025 18:00:00,29.395
02-05-2025 19:00:00,28.301
02-05-2025 20:00:00,27.347
02-05-2025 21:00:00,30.384
02-05-2025 22:00:00,31.59
02-05-2025 23:00:00,31.908
02-06-2025 00:00:00,31.962
02-06-2025 01:00:00,30.925
02-06-2025 02:00:00,30.273
02-06-2025 03:00:00,30.153
02-06-2025 04:00:00,30.44
02-06-2025 05:00:00,31.377
02-06-2025 06:00:00,31.608
02-06-2025 07:00:00,32.197
02-06-2025 08:00:00,33.288
02-06-2025 09:00:00,33.918
02-06-2025 10:00:00,34.193
02-06-2025 11:00:00,34.502
02-06-2025 12:00:00,34.783
02-06-2025 13:00:00,35.619
02-06-2025 14:00:00,36.751
02-06-2025 15:00:00,36.752
02-06-2025 16:00:00,37.166
02-06-2025 17:00:00,37.117
02-06-2025 18:00:00,37.143
02-06-2025 19:00:00,37.32
02-06-2025 20:00:00,37.554
02-06-2025 21:00:00,37.716
02-06-2025 22:00:00,37.984
02-06-2025 23:00:00,38.208
02-07-2025 00:00:00,38.314
02-07-2025 01:00:00,38.332
02-07-2025 02:00:00,38.468
02-07-2025 03:00:00,38.525
02-07-2025 04:00:00,36.876
02-07-2025 05:00:00,34.924
02-07-2025 06:00:00,36.481
02-07-2025 07:00:00,38.529
02-07-2025 08:00:00,40.674
02-07-2025 09:00:00,42.052
02-07-2025 10:00:00,43.228
02-07-2025 11:00:00,42.709
02-07-2025 12:00:00,43.324
02-07-2025 13:00:00,43.009
02-07-2025 14:00:00,42.49
02-07-2025 15:00:00,41.493
02-07-2025 16:00:00,37.807
02-07-2025 17:00:00,34.708
02-07-2025 18:00:00,32.068
02-07-2025 19:00:00,30.947
02-07-2025 20:00:00,28.859
02-07-2025 21:00:00,25.833
02-07-2025 22:00:00,22.586
02-07-2025 23:00:00,20.797
02-08-2025 00:00:00,19.338
02-08-2025 01:00:00,19.1
02-08-2025 02:00:00,18.016
02-08-2025 03:00:00,17.932
02-08-2025 04:00:00,19.328
02-08-2025 05:00:00,20.236
02-08-2025 06:00:00,21.743
02-08-2025 07:00:00,23.969
02-08-2025 08:00:00,28.13
02-08-2025 09:00:00,29.971
02-08-2025 10:00:00,33.153
02-08-2025 11:00:00,37.043
02-08-2025 12:00:00,36.092
02-08-2025 13:00:00,37.521
02-08-2025 14:00:00,36.518
02-08-2025 15:00:00,35.487
02-08-2025 16:00:00,34.011
02-08-2025 17:00:00,33.145
02-08-2025 18:00:00,32.677
02-08-2025 19:00:00,31.874
02-08-2025 20:00:00,31.158
02-08-2025 21:00:00,30.075
02-08-2025 22:00:00,30.454
02-08-2025 23:00:00,31.359
02-09-2025 00:00:00,31.842
02-09-2025 01:00:00,32.334
02-09-2025 02:00:00,32.556
02-09-2025 03:00:00,32.733
02-09-2025 04:00:00,33.104
02-09-2025 05:00:00,33.287
02-09-2025 06:00:00,32.761
02-09-2025 07:00:00,32.95
02-09-2025 08:00:00,34.173
02-09-2025 09:00:00,36.39
02-09-2025 10:00:00,36.833
02-09-2025 11:00:00,35.844
02-09-2025 12:00:00,36.634
02-09-2025 13:00:00,37.719
02-09-2025 14:00:00,39.26
02-09-2025 15:00:00,39.679
02-09-2025 16:00:00,37.561
02-09-2025 17:00:00,34.307
02-09-2025 18:00:00,32.575
02-09-2025 19:00:00,32.242
02-09-2025 20:00:00,32.437
02-09-2025 21:00:00,31.647
02-09-2025 22:00:00,31.797
02-09-2025 23:00:00,31.854
02-10-2025 00:00:00,31.105
02-10-2025 01:00:00,31.455
02-10-2025 02:00:00,31.059
02-10-2025 03:00:00,30.897
02-10-2025 04:00:00,29.881
02-10-2025 05:00:00,28.895
02-10-2025 06:00:00,30.357
02-10-2025 07:00:00,28.641
02-10-2025 08:00:00,32.577
02-10-2025 09:00:00,37.127
02-10-2025 10:00:00,40.081
02-10-2025 11:00:00,41.16
02-10-2025 12:00:00,40.058
02-10-2025 13:00:00,41.755
02-10-2025 14:00:00,41.118
02-10-2025 15:00:00,39.638
02-10-2025 16:00:00,38.717
02-10-2025 17:00:00,33.429
02-10-2025 18:00:00,26.963
02-10-2025 19:00:00,25.427
02-10-2025 20:00:00,27.551
02-10-2025 21:00:00,26.921
02-10-2025 22:00:00,24.087
02-10-2025 23:00:00,20.573
02-11-2025 00:00:00,18.941
02-11-2025 01:00:00,18.031
02-11-2025 02:00:00,19.19
02-11-2025 03:00:00,21.447
02-11-2025 04:00:00,21.594
02-11-2025 05:00:00,22.101
02-11-2025 06:00:00,22.616
02-11-2025 07:00:00,24.808
02-11-2025 08:00:00,27.941
02-11-2025 09:00:00,32.239
02-11-2025 10:00:00,36.137
02-11-2025 11:00:00,37.525
02-11-2025 12:00:00,39.636
02-11-2025 13:00:00,39.889
02-11-2025 14:00:00,38.321
02-11-2025 15:00:00,37.174
02-11-2025 16:00:00,35.943
02-11-2025 17:00:00,34.201
02-11-2025 18:00:00,33.403
02-11-2025 19:00:00,31.851
02-11-2025 20:00:00,30.993
02-11-2025 21:00:00,30.48
02-11-2025 22:00:00,30.301
02-11-2025 23:00:00,30.185
02-12-2025 00:00:00,29.968
02-12-2025 01:00:00,29.867
02-12-2025 02:00:00,29.835
02-12-2025 03:00:00,29.622
02-12-2025 04:00:00,29.726
02-12-2025 05:00:00,29.944
02-12-2025 06:00:00,30.16
02-12-2025 07:00:00,31.035
02-12-2025 08:00:00,32.439
02-12-2025 09:00:00,33.677
02-12-2025 10:00:00,34.024
02-12-2025 11:00:00,34.702
02-12-2025 12:00:00,35.545
02-12-2025 13:00:00,35.817
02-12-2025 14:00:00,35.305
02-12-2025 15:00:00,34.811
02-12-2025 16:00:00,34.481
02-12-2025 17:00:00,34.29
02-12-2025 18:00:00,34.25
02-12-2025 19:00:00,34.141
02-12-2025 20:00:00,33.833
02-12-2025 21:00:00,33.873
02-12-2025 22:00:00,34.442
02-12-2025 23:00:00,34.756
02-13-2025 00:00:00,35.564
02-13-2025 01:00:00,36.692
02-13-2025 02:00:00,37.669
02-13-2025 03:00:00,37.984
02-13-2025 04:00:00,38.039
02-13-2025 05:00:00,38.073
02-13-2025 06:00:00,38.287
02-13-2025 07:00:00,38.508
02-13-2025 08:00:00,39.068
02-13-2025 09:00:00,39.811
02-13-2025 10:00:00,41.971
02-13-2025 11:00:00,43.524
02-13-2025 12:00:00,45.409
02-13-2025 13:00:00,47.005
02-13-2025 14:00:00,47.421
02-13-2025 15:00:00,48.533
02-13-2025 16:00:00,46.367
02-13-2025 17:00:00,43.62
02-13-2025 18:00:00,40.374
02-13-2025 19:00:00,38.875
02-13-2025 20:00:00,37.308
02-13-2025 21:00:00,35.759
02-13-2025 22:00:00,34.507
02-13-2025 23:00:00,33.779
02-14-2025 00:00:00,32.607
02-14-2025 01:00:00,31.973
02-14-2025 02:00:00,31.591
02-14-2025 03:00:00,30.958
02-14-2025 04:00:00,29.608
02-14-2025 05:00:00,24.9
02-14-2025 06:00:00,27.61
02-14-2025 07:00:00,32.182
02-14-2025 08:00:00,35.624
02-14-2025 09:00:00,35.135
02-14-2025 10:00:00,37.357
02-14-2025 11:00:00,39.374
02-14-2025 12:00:00,40.243
02-14-2025 13:00:00,40.561
02-14-2025 14:00:00,39.581
02-14-2025 15:00:00,37.204
02-14-2025 16:00:00,35.638
02-14-2025 17:00:00,32.368
02-14-2025 18:00:00,29.788
02-14-2025 19:00:00,27.057
02-14-2025 20:00:00,24.524
02-14-2025 21:00:00,23.904
02-14-2025 22:00:00,24.289
02-14-2025 23:00:00,24.585
02-15-2025 00:00:00,24.385
02-15-2025 01:00:00,24.053
02-15-2025 02:00:00,25.142
02-15-2025 03:00:00,26.604
02-15-2025 04:00:00,25.83
02-15-2025 05:00:00,25.955
02-15-2025 06:00:00,24.471
02-15-2025 07:00:00,26.448
02-15-2025 08:00:00,31.536
02-15-2025 09:00:00,35.093
02-15-2025 10:00:00,37.315
02-15-2025 11:00:00,38.043
02-15-2025 12:00:00,37.548
02-15-2025 13:00:00,35.117
02-15-2025 14:00:00,33.367
02-15-2025 15:00:00,32.8
02-15-2025 16:00:00,32.78
02-15-2025 17:00:00,32.885
02-15-2025 18:00:00,33.049
02-15-2025 19:00:00,33.249
02-15-2025 20:00:00,33.255
02-15-2025 21:00:00,33.234
02-15-2025 22:00:00,33.637
02-15-2025 23:00:00,34.532
02-16-2025 00:00:00,35.179
02-16-2025 01:00:00,35.161
02-16-2025 02:00:00,34.928
02-16-2025 03:00:00,34.677
02-16-2025 04:00:00,34.704
02-16-2025 05:00:00,35.246
02-16-2025 06:00:00,35.8
02-16-2025 07:00:00,36.426
02-16-2025 08:00:00,37.548
02-16-2025 09:00:00,38.289
02-16-2025 10:00:00,38.616
02-16-2025 11:00:00,38.351
02-16-2025 12:00:00,38.525
02-16-2025 13:00:00,38.213
02-16-2025 14:00:00,39.582
02-16-2025 15:00:00,41.163
02-16-2025 16:00:00,42.914
02-16-2025 17:00:00,47.541
02-16-2025 18:00:00,44.001
02-16-2025 19:00:00,42.159
02-16-2025 20:00:00,40.105
02-16-2025 21:00:00,38.072
02-16-2025 22:00:00,36.688
02-16-2025 23:00:00,34.688
02-17-2025 00:00:00,33.609
02-17-2025 01:00:00,33.254
02-17-2025 02:00:00,32.212
02-17-2025 03:00:00,31.75
02-17-2025 04:00:00,31.085
02-17-2025 05:00:00,29.729
02-17-2025 06:00:00,28.83
02-17-2025 07:00:00,32.29
02-17-2025 08:00:00,33.288
02-17-2025 09:00:00,33.929
02-17-2025 10:00:00,36.237
02-17-2025 11:00:00,37.825
02-17-2025 12:00:00,35.592
02-17-2025 13:00:00,38.184
02-17-2025 14:00:00,37.347
02-17-2025 15:00:00,37.707
02-17-2025 16:00:00,35.799
02-17-2025 17:00:00,32.27
02-17-2025 18:00:00,30.558
02-17-2025 19:00:00,29.813
02-17-2025 20:00:00,29.154
02-17-2025 21:00:00,28.272
02-17-2025 22:00:00,27.144
02-17-2025 23:00:00,25.956
02-18-2025 00:00:00,24.762
02-18-2025 01:00:00,23.274
02-18-2025 02:00:00,22.072
02-18-2025 03:00:00,20.991
02-18-2025 04:00:00,19.923
02-18-2025 05:00:00,19.157
02-18-2025 06:00:00,18.312
02-18-2025 07:00:00,19.08
02-18-2025 08:00:00,22.186
02-18-2025 09:00:00,23.98
02-18-2025 10:00:00,25.912
02-18-2025 11:00:00,27.404
02-18-2025 12:00:00,28.184
02-18-2025 13:00:00,29.79
02-18-2025 14:00:00,30.321
02-18-2025 15:00:00,29.747
02-18-2025 16:00:00,27.77
02-18-2025 17:00:00,24.594
02-18-2025 18:00:00,22.874
02-18-2025 19:00:00,21.882
02-18-2025 20:00:00,20.936
02-18-2025 21:00:00,20.386
02-18-2025 22:00:00,19.462
02-18-2025 23:00:00,18.955
02-19-2025 00:00:00,18.327
02-19-2025 01:00:00,17.486
02-19-2025 02:00:00,16.688
02-19-2025 03:00:00,15.996
02-19-2025 04:00:00,15.091
02-19-2025 05:00:00,14.824
02-19-2025 06:00:00,14.996
02-19-2025 07:00:00,17.488
02-19-2025 08:00:00,21.429
02-19-2025 09:00:00,24.184
02-19-2025 10:00:00,27.089
02-19-2025 11:00:00,29.296
02-19-2025 12:00:00,30.157
02-19-2025 13:00:00,32.986
02-19-2025 14:00:00,33.168
02-19-2025 15:00:00,33.031
02-19-2025 16:00:00,30.641
02-19-2025 17:00:00,27.768
02-19-2025 18:00:00,24.053
02-19-2025 19:00:00,22.584
02-19-2025 20:00:00,24.517
02-19-2025 21:00:00,23.796
02-19-2025 22:00:00,22.54
02-19-2025 23:00:00,21.721
02-20-2025 00:00:00,21.009
02-20-2025 01:00:00,20.388
02-20-2025 02:00:00,19.77
02-20-2025 03:00:00,19.178
02-20-2025 04:00:00,18.447
02-20-2025 05:00:00,17.924
02-20-2025 06:00:00,17.688
02-20-2025 07:00:00,21.841
02-20-2025 08:00:00,24.079
02-20-2025 09:00:00,25.87
02-20-2025 10:00:00,30.463
02-20-2025 11:00:00,30.203
02-20-2025 12:00:00,30.989
02-20-2025 13:00:00,29.989
02-20-2025 14:00:00,28.444
02-20-2025 15:00:00,26.837
02-20-2025 16:00:00,25.19
02-20-2025 17:00:00,23.391
02-20-2025 18:00:00,22.521
02-20-2025 19:00:00,22.393
02-20-2025 20:00:00,22.253
02-20-2025 21:00:00,22.288
02-20-2025 22:00:00,22.763
02-20-2025 23:00:00,22.363
02-21-2025 00:00:00,21.492
02-21-2025 01:00:00,20.6
02-21-2025 02:00:00,20.034
02-21-2025 03:00:00,20.256
02-21-2025 04:00:00,20.831
02-21-2025 05:00:00,19.981
02-21-2025 06:00:00,20.234
02-21-2025 07:00:00,26.455
02-21-2025 08:00:00,28.288
02-21-2025 09:00:00,28.714
02-21-2025 10:00:00,31.077
02-21-2025 11:00:00,33.24
02-21-2025 12:00:00,35.377
02-21-2025 13:00:00,37.475
02-21-2025 14:00:00,38.252
02-21-2025 15:00:00,37.402
02-21-2025 16:00:00,35.809
02-21-2025 17:00:00,33.119
02-21-2025 18:00:00,30.664
02-21-2025 19:00:00,29.485
02-21-2025 20:00:00,28.678
02-21-2025 21:00:00,27.576
02-21-2025 22:00:00,26.366
02-21-2025 23:00:00,25.323
02-22-2025 00:00:00,23.866
02-22-2025 01:00:00,22.662
02-22-2025 02:00:00,19.799
02-22-2025 03:00:00,15.822
02-22-2025 04:00:00,14.357
02-22-2025 05:00:00,15.564
02-22-2025 06:00:00,15.194
02-22-2025 07:00:00,25.98
02-22-2025 08:00:00,33.363
02-22-2025 09:00:00,33.917
02-22-2025 10:00:00,38.264
02-22-2025 11:00:00,41.852
02-22-2025 12:00:00,44.945
02-22-2025 13:00:00,46.199
02-22-2025 14:00:00,45.784
02-22-2025 15:00:00,44.467
02-22-2025 16:00:00,40.653
02-22-2025 17:00:00,36.449
02-22-2025 18:00:00,35.038
02-22-2025 19:00:00,33.643
02-22-2025 20:00:00,30.347
02-22-2025 21:00:00,27.345
02-22-2025 22:00:00,25.335
02-22-2025 23:00:00,27.864
02-23-2025 00:00:00,26.357
02-23-2025 01:00:00,24.887
02-23-2025 02:00:00,24.246
02-23-2025 03:00:00,24.535
02-23-2025 04:00:00,25.259
02-23-2025 05:00:00,24.212
02-23-2025 06:00:00,21.641
02-23-2025 07:00:00,30.785
02-23-2025 08:00:00,40.923
02-23-2025 09:00:00,41.825
02-23-2025 10:00:00,45.694
02-23-2025 11:00:00,49.376
02-23-2025 12:00:00,50.753
02-23-2025 13:00:00,52.369
02-23-2025 14:00:00,52.066
02-23-2025 15:00:00,50.809
02-23-2025 16:00:00,48.128
02-23-2025 17:00:00,43.846
02-23-2025 18:00:00,37.117
02-23-2025 19:00:00,34.611
02-23-2025 20:00:00,34.182
02-23-2025 21:00:00,33.874
02-23-2025 22:00:00,33.495
02-23-2025 23:00:00,32.804
02-24-2025 00:00:00,32.011
02-24-2025 01:00:00,31.93
02-24-2025 02:00:00,31.667
02-24-2025 03:00:00,29.133
02-24-2025 04:00:00,27.252
02-24-2025 05:00:00,26.05
02-24-2025 06:00:00,25.047
02-24-2025 07:00:00,34.417
02-24-2025 08:00:00,41.047
02-24-2025 09:00:00,45.133
02-24-2025 10:00:00,51.721
02-24-2025 11:00:00,56.117
02-24-2025 12:00:00,58.011
02-24-2025 13:00:00,58.928
02-24-2025 14:00:00,58.789
02-24-2025 15:00:00,56.735
02-24-2025 16:00:00,52.054
02-24-2025 17:00:00,49.17
02-24-2025 18:00:00,46.579
02-24-2025 19:00:00,42.909
02-24-2025 20:00:00,41.538
02-24-2025 21:00:00,40.508
02-24-2025 22:00:00,40.32
02-24-2025 23:00:00,38.953
02-25-2025 00:00:00,39.719
02-25-2025 01:00:00,38.428
02-25-2025 02:00:00,34.689
02-25-2025 03:00:00,34.667
02-25-2025 04:00:00,35.402
02-25-2025 05:00:00,35.133
02-25-2025 06:00:00,34.917
02-25-2025 07:00:00,41.313
02-25-2025 08:00:00,50.741
02-25-2025 09:00:00,54.215
02-25-2025 10:00:00,57.827
02-25-2025 11:00:00,59.879
02-25-2025 12:00:00,63.218
02-25-2025 13:00:00,61.653
02-25-2025 14:00:00,63.512
02-25-2025 15:00:00,61.342
02-25-2025 16:00:00,56.359
02-25-2025 17:00:00,54.271
02-25-2025 18:00:00,47.495
02-25-2025 19:00:00,42.312
02-25-2025 20:00:00,42.612
02-25-2025 21:00:00,37.326
02-25-2025 22:00:00,34.655
02-25-2025 23:00:00,31.232
02-26-2025 00:00:00,29.896
02-26-2025 01:00:00,28.9
02-26-2025 02:00:00,28.757
02-26-2025 03:00:00,27.898
02-26-2025 04:00:00,29.99
02-26-2025 05:00:00,33.591
02-26-2025 06:00:00,36.163
02-26-2025 07:00:00,47.45
02-26-2025 08:00:00,50.883
02-26-2025 09:00:00,51.604
02-26-2025 10:00:00,54.399
02-26-2025 11:00:00,58.234
02-26-2025 12:00:00,60.259
02-26-2025 13:00:00,62.408
02-26-2025 14:00:00,62.374
02-26-2025 15:00:00,61.063
02-26-2025 16:00:00,59.226
02-26-2025 17:00:00,53.93
02-26-2025 18:00:00,46.554
02-26-2025 19:00:00,44.01
02-26-2025 20:00:00,45.054
02-26-2025 21:00:00,44.65
02-26-2025 22:00:00,44.116
02-26-2025 23:00:00,43.789
02-27-2025 00:00:00,42.967
02-27-2025 01:00:00,44.083
02-27-2025 02:00:00,45.118
02-27-2025 03:00:00,45.066
02-27-2025 04:00:00,44.998
02-27-2025 05:00:00,43.729
02-27-2025 06:00:00,43.818
02-27-2025 07:00:00,44.556
02-27-2025 08:00:00,45.573
02-27-2025 09:00:00,48.894
02-27-2025 10:00:00,52.245
02-27-2025 11:00:00,52.852
02-27-2025 12:00:00,52.234
02-27-2025 13:00:00,53.118
02-27-2025 14:00:00,53.729
02-27-2025 15:00:00,53.346
02-27-2025 16:00:00,52.371
02-27-2025 17:00:00,50.709
02-27-2025 18:00:00,46.662
02-27-2025 19:00:00,45.323
02-27-2025 20:00:00,49.614
02-27-2025 21:00:00,47.814
02-27-2025 22:00:00,46.339
02-27-2025 23:00:00,43.851
02-28-2025 00:00:00,39.878
02-28-2025 01:00:00,36.815
02-28-2025 02:00:00,34.227
02-28-2025 03:00:00,31.439
02-28-2025 04:00:00,33.306
02-28-2025 05:00:00,36.035
02-28-2025 06:00:00,32.647
02-28-2025 07:00:00,46.064
02-28-2025 08:00:00,48.346
02-28-2025 09:00:00,48.779
02-28-2025 10:00:00,50.726
02-28-2025 11:00:00,53.818
02-28-2025 12:00:00,54.827
02-28-2025 13:00:00,56.434
02-28-2025 14:00:00,54.698
02-28-2025 15:00:00,53.621
02-28-2025 16:00:00,51.403
02-28-2025 17:00:00,48.38
02-28-2025 18:00:00,41.345
02-28-2025 19:00:00,37.355
02-28-2025 20:00:00,39.315
02-28-2025 21:00:00,39.158
02-28-2025 22:00:00,38.742
02-28-2025 23:00:00,39.146
03-01-2025 00:00:00,39.269
03-01-2025 01:00:00,39.387
03-01-2025 02:00:00,39.904
03-01-2025 03:00:00,40.782
03-01-2025 04:00:00,39.824
03-01-2025 05:00:00,37.267
03-01-2025 06:00:00,38.066
03-01-2025 07:00:00,42.167
03-01-2025 08:00:00,49.095
03-01-2025 09:00:00,54.112
03-01-2025 10:00:00,60.92
03-01-2025 11:00:00,66.868
03-01-2025 12:00:00,68.418
03-01-2025 13:00:00,65.18
03-01-2025 14:00:00,58.514
03-01-2025 15:00:00,52.092
03-01-2025 16:00:00,47.513
03-01-2025 17:00:00,42.258
03-01-2025 18:00:00,39.406
03-01-2025 19:00:00,37.566
03-01-2025 20:00:00,34.729
03-01-2025 21:00:00,31.351
03-01-2025 22:00:00,29.41
03-01-2025 23:00:00,27.176
03-02-2025 00:00:00,25.322
03-02-2025 01:00:00,24.209
03-02-2025 02:00:00,23.247
03-02-2025 03:00:00,22.224
03-02-2025 04:00:00,21.06
03-02-2025 05:00:00,19.99
03-02-2025 06:00:00,19.259
03-02-2025 07:00:00,27.503
03-02-2025 08:00:00,27.216
03-02-2025 09:00:00,27.523
03-02-2025 10:00:00,30.951
03-02-2025 11:00:00,34.07
03-02-2025 12:00:00,35.554
03-02-2025 13:00:00,37.401
03-02-2025 14:00:00,38.504
03-02-2025 15:00:00,38.995
03-02-2025 16:00:00,36.906
03-02-2025 17:00:00,33.05
03-02-2025 18:00:00,27.839
03-02-2025 19:00:00,28.092
03-02-2025 20:00:00,27.428
03-02-2025 21:00:00,25.668
03-02-2025 22:00:00,24.502
03-02-2025 23:00:00,22.935
03-03-2025 00:00:00,19.799
03-03-2025 01:00:00,15.523
03-03-2025 02:00:00,14.077
03-03-2025 03:00:00,14.792
03-03-2025 04:00:00,16.898
03-03-2025 05:00:00,18.133
03-03-2025 06:00:00,17.631
03-03-2025 07:00:00,27.385
03-03-2025 08:00:00,35.276
03-03-2025 09:00:00,33.586
03-03-2025 10:00:00,37.125
03-03-2025 11:00:00,40.777
03-03-2025 12:00:00,42.849
03-03-2025 13:00:00,44.254
03-03-2025 14:00:00,44.881
03-03-2025 15:00:00,44.415
03-03-2025 16:00:00,42.403
03-03-2025 17:00:00,38.365
03-03-2025 18:00:00,30.108
03-03-2025 19:00:00,26.121
03-03-2025 20:00:00,24.22
03-03-2025 21:00:00,23.767
03-03-2025 22:00:00,22.53
03-03-2025 23:00:00,23.009
03-04-2025 00:00:00,23.623
03-04-2025 01:00:00,22.159
03-04-2025 02:00:00,23.519
03-04-2025 03:00:00,28.027
03-04-2025 04:00:00,30.643
03-04-2025 05:00:00,31.822
03-04-2025 06:00:00,32.617
03-04-2025 07:00:00,34.605
03-04-2025 08:00:00,41.352
03-04-2025 09:00:00,44.878
03-04-2025 10:00:00,47.559
03-04-2025 11:00:00,55.18
03-04-2025 12:00:00,60.81
03-04-2025 13:00:00,60.329
03-04-2025 14:00:00,58.639
03-04-2025 15:00:00,60.091
03-04-2025 16:00:00,59.79
03-04-2025 17:00:00,56.367
03-04-2025 18:00:00,53.142
03-04-2025 19:00:00,50.98
03-04-2025 20:00:00,46.747
03-04-2025 21:00:00,43.926
03-04-2025 22:00:00,40.479
03-04-2025 23:00:00,36.911
03-05-2025 00:00:00,36.433
03-05-2025 01:00:00,35.501
03-05-2025 02:00:00,35.858
03-05-2025 03:00:00,37.454
03-05-2025 04:00:00,44.464
03-05-2025 05:00:00,50.863
03-05-2025 06:00:00,53.355
03-05-2025 07:00:00,55.126
03-05-2025 08:00:00,56.641
03-05-2025 09:00:00,61.292
03-05-2025 10:00:00,62.867
03-05-2025 11:00:00,63.709
03-05-2025 12:00:00,62.902
03-05-2025 13:00:00,62.121
03-05-2025 14:00:00,60.985
03-05-2025 15:00:00,56.202
03-05-2025 16:00:00,55.099
03-05-2025 17:00:00,55.019
03-05-2025 18:00:00,54.59
03-05-2025 19:00:00,54.473
03-05-2025 20:00:00,54.795
03-05-2025 21:00:00,55.022
03-05-2025 22:00:00,56.132
03-05-2025 23:00:00,56.868
03-06-2025 00:00:00,57.223
03-06-2025 01:00:00,56.873
03-06-2025 02:00:00,56.146
03-06-2025 03:00:00,55.61
03-06-2025 04:00:00,53.559
03-06-2025 05:00:00,50.225
03-06-2025 06:00:00,48.598
03-06-2025 07:00:00,47.386
03-06-2025 08:00:00,50.775
03-06-2025 09:00:00,50.238
03-06-2025 10:00:00,52.556
03-06-2025 11:00:00,53.797
03-06-2025 12:00:00,53.876
03-06-2025 13:00:00,52.465
03-06-2025 14:00:00,50.467
03-06-2025 15:00:00,46.324
03-06-2025 16:00:00,43.616
03-06-2025 17:00:00,41.768
03-06-2025 18:00:00,39.248
03-06-2025 19:00:00,37.127
03-06-2025 20:00:00,36.451
03-06-2025 21:00:00,36.358
03-06-2025 22:00:00,36.046
03-06-2025 23:00:00,35.767
03-07-2025 00:00:00,35.155
03-07-2025 01:00:00,34.859
03-07-2025 02:00:00,34.514
03-07-2025 03:00:00,33.972
03-07-2025 04:00:00,33.496
03-07-2025 05:00:00,33.08
03-07-2025 06:00:00,33.751
03-07-2025 07:00:00,41.438
03-07-2025 08:00:00,41.558
03-07-2025 09:00:00,43.364
03-07-2025 10:00:00,46.57
03-07-2025 11:00:00,49.376
03-07-2025 12:00:00,51.439
03-07-2025 13:00:00,52.536
03-07-2025 14:00:00,52.667
03-07-2025 15:00:00,52.848
03-07-2025 16:00:00,51.182
03-07-2025 17:00:00,48.204
03-07-2025 18:00:00,44.996
03-07-2025 19:00:00,42.417
03-07-2025 20:00:00,38.293
03-07-2025 21:00:00,35.582
03-07-2025 22:00:00,37.901
03-07-2025 23:00:00,38.651
03-08-2025 00:00:00,39.898
03-08-2025 01:00:00,38.953
03-08-2025 02:00:00,38.92
03-08-2025 03:00:00,40.604
03-08-2025 04:00:00,39.725
03-08-2025 05:00:00,33.663
03-08-2025 06:00:00,31.354
03-08-2025 07:00:00,36.65
03-08-2025 08:00:00,43.476
03-08-2025 09:00:00,47.456
03-08-2025 10:00:00,48.757
03-08-2025 11:00:00,47.294
03-08-2025 12:00:00,48.164
03-08-2025 13:00:00,47.912
03-08-2025 14:00:00,49.342
03-08-2025 15:00:00,47.927
03-08-2025 16:00:00,46.127
03-08-2025 17:00:00,43.478
03-08-2025 18:00:00,40.561
03-08-2025 19:00:00,38.378
03-08-2025 20:00:00,36.429
03-08-2025 21:00:00,34.98
03-08-2025 22:00:00,32.635
03-08-2025 23:00:00,28.817
03-09-2025 00:00:00,30.126
03-09-2025 01:00:00,28.881
03-09-2025 03:00:00,27.231
03-09-2025 04:00:00,27.016
03-09-2025 05:00:00,23.848
03-09-2025 06:00:00,23.179
03-09-2025 07:00:00,26.146
03-09-2025 08:00:00,43.091
03-09-2025 09:00:00,40.245
03-09-2025 10:00:00,44.267
03-09-2025 11:00:00,49.206
03-09-2025 12:00:00,53.198
03-09-2025 13:00:00,56.111
03-09-2025 14:00:00,57.408
03-09-2025 15:00:00,57.28
03-09-2025 16:00:00,57.605
03-09-2025 17:00:00,56.445
03-09-2025 18:00:00,53.295
03-09-2025 19:00:00,46.615
03-09-2025 20:00:00,40.337
03-09-2025 21:00:00,38.998
03-09-2025 22:00:00,38.571
03-09-2025 23:00:00,37.028
03-10-2025 00:00:00,35.508
03-10-2025 01:00:00,37.734
03-10-2025 02:00:00,36.112
03-10-2025 03:00:00,32.283
03-10-2025 04:00:00,32.749
03-10-2025 05:00:00,31.426
03-10-2025 06:00:00,30.568
03-10-2025 07:00:00,32.34
03-10-2025 08:00:00,48.116
03-10-2025 09:00:00,54.188
03-10-2025 10:00:00,58.746
03-10-2025 11:00:00,63.717
03-10-2025 12:00:00,67.588
03-10-2025 13:00:00,70.459
03-10-2025 14:00:00,72.683
03-10-2025 15:00:00,72.847
03-10-2025 16:00:00,71.894
03-10-2025 17:00:00,69.333
03-10-2025 18:00:00,64.073
03-10-2025 19:00:00,54.391
03-10-2025 20:00:00,47.85
03-10-2025 21:00:00,45.349
03-10-2025 22:00:00,48.688
03-10-2025 23:00:00,46.424
03-11-2025 00:00:00,40.691
03-11-2025 01:00:00,36.774
03-11-2025 02:00:00,34.461
03-11-2025 03:00:00,33.054
03-11-2025 04:00:00,31.564
03-11-2025 05:00:00,30.85
03-11-2025 06:00:00,29.212
03-11-2025 07:00:00,31.551
03-11-2025 08:00:00,50.241
03-11-2025 09:00:00,56.74
03-11-2025 10:00:00,61.076
03-11-2025 11:00:00,67.357
03-11-2025 12:00:00,71.286
03-11-2025 13:00:00,73.269
03-11-2025 14:00:00,74.164
03-11-2025 15:00:00,73.739
03-11-2025 16:00:00,72.684
03-11-2025 17:00:00,70.175
03-11-2025 18:00:00,66.216
03-11-2025 19:00:00,61.284
03-11-2025 20:00:00,56.486
03-11-2025 21:00:00,53.052
03-11-2025 22:00:00,49.468
03-11-2025 23:00:00,48.821
03-12-2025 00:00:00,45.765
03-12-2025 01:00:00,50.037
03-12-2025 02:00:00,51.812
03-12-2025 03:00:00,50.587
03-12-2025 04:00:00,48.683
03-12-2025 05:00:00,46.544
03-12-2025 06:00:00,45.39
03-12-2025 07:00:00,45.01
03-12-2025 08:00:00,45.118
03-12-2025 09:00:00,47.148
03-12-2025 10:00:00,49.1
03-12-2025 11:00:00,52.417
03-12-2025 12:00:00,55.182
03-12-2025 13:00:00,55.509
03-12-2025 14:00:00,56.058
03-12-2025 15:00:00,57.258
03-12-2025 16:00:00,57.034
03-12-2025 17:00:00,54.851
03-12-2025 18:00:00,50.979
03-12-2025 19:00:00,46.389
03-12-2025 20:00:00,43.329
03-12-2025 21:00:00,39.959
03-12-2025 22:00:00,38.448
03-12-2025 23:00:00,38.8
03-13-2025 00:00:00,38.697
03-13-2025 01:00:00,38.933
03-13-2025 02:00:00,38.949
03-13-2025 03:00:00,38.916
03-13-2025 04:00:00,38.053
03-13-2025 05:00:00,37.187
03-13-2025 06:00:00,36.696
03-13-2025 07:00:00,38.144
03-13-2025 08:00:00,42.437
03-13-2025 09:00:00,45.997
03-13-2025 10:00:00,48.508
03-13-2025 11:00:00,51.089
03-13-2025 12:00:00,52.403
03-13-2025 13:00:00,52.724
03-13-2025 14:00:00,52.707
03-13-2025 15:00:00,52.686
03-13-2025 16:00:00,50.537
03-13-2025 17:00:00,48.569
03-13-2025 18:00:00,44.728
03-13-2025 19:00:00,41.777
03-13-2025 20:00:00,39.368
03-13-2025 21:00:00,37.051
03-13-2025 22:00:00,36.127
03-13-2025 23:00:00,37.167
03-14-2025 00:00:00,37.794
03-14-2025 01:00:00,39.705
03-14-2025 02:00:00,40.473
03-14-2025 03:00:00,39.904
03-14-2025 04:00:00,39.704
03-14-2025 05:00:00,39.348
03-14-2025 06:00:00,39.292
03-14-2025 07:00:00,39.572
03-14-2025 08:00:00,40.829
03-14-2025 09:00:00,44.262
03-14-2025 10:00:00,50.052
03-14-2025 11:00:00,53.496
03-14-2025 12:00:00,56.656
03-14-2025 13:00:00,59.734
03-14-2025 14:00:00,62.066
03-14-2025 15:00:00,61.907
03-14-2025 16:00:00,60.057
03-14-2025 17:00:00,56.882
03-14-2025 18:00:00,52.007
03-14-2025 19:00:00,47.19
03-14-2025 20:00:00,43.705
03-14-2025 21:00:00,41.57
03-14-2025 22:00:00,42.176
03-14-2025 23:00:00,42.467
03-15-2025 00:00:00,41.677
03-15-2025 01:00:00,41.896
03-15-2025 02:00:00,41.329
03-15-2025 03:00:00,41.383
03-15-2025 04:00:00,41.077
03-15-2025 05:00:00,40.945
03-15-2025 06:00:00,41.178
03-15-2025 07:00:00,41.114
03-15-2025 08:00:00,42.371
03-15-2025 09:00:00,43.407
03-15-2025 10:00:00,45.511
03-15-2025 11:00:00,48.184
03-15-2025 12:00:00,51.553
03-15-2025 13:00:00,53.656
03-15-2025 14:00:00,54.742
03-15-2025 15:00:00,54.41
03-15-2025 16:00:00,54.472
03-15-2025 17:00:00,53.613
03-15-2025 18:00:00,52.72
03-15-2025 19:00:00,50.968
03-15-2025 20:00:00,48.899
03-15-2025 21:00:00,47.567
03-15-2025 22:00:00,47.275
03-15-2025 23:00:00,47.351
03-16-2025 00:00:00,47.839
03-16-2025 01:00:00,47.702
03-16-2025 02:00:00,47.824
03-16-2025 03:00:00,48.386
03-16-2025 04:00:00,49.1
03-16-2025 05:00:00,49.696
03-16-2025 06:00:00,48.963
03-16-2025 07:00:00,49.444
03-16-2025 08:00:00,57.465
03-16-2025 09:00:00,62.361
03-16-2025 10:00:00,65.451
03-16-2025 11:00:00,66.759
03-16-2025 12:00:00,68.665
03-16-2025 13:00:00,71.447
03-16-2025 14:00:00,73.633
03-16-2025 15:00:00,72.007
03-16-2025 16:00:00,70.17
03-16-2025 17:00:00,68.813
03-16-2025 18:00:00,66.946
03-16-2025 19:00:00,66.021
03-16-2025 20:00:00,65.96
03-16-2025 21:00:00,65.49
03-16-2025 22:00:00,65.301
03-16-2025 23:00:00,64.127
03-17-2025 00:00:00,62.297
03-17-2025 01:00:00,57.111
03-17-2025 02:00:00,56.365
03-17-2025 03:00:00,56.049
03-17-2025 04:00:00,55.871
03-17-2025 05:00:00,55.42
03-17-2025 06:00:00,55.096
03-17-2025 07:00:00,54.9
03-17-2025 08:00:00,56.167
03-17-2025 09:00:00,57.526
03-17-2025 10:00:00,59.201
03-17-2025 11:00:00,60.255
03-17-2025 12:00:00,58.556
03-17-2025 13:00:00,59.052
03-17-2025 14:00:00,56.626
03-17-2025 15:00:00,55.434
03-17-2025 16:00:00,53.129
03-17-2025 17:00:00,51.958
03-17-2025 18:00:00,48.506
03-17-2025 19:00:00,43.608
03-17-2025 20:00:00,41.07
03-17-2025 21:00:00,39.827
03-17-2025 22:00:00,38.811
03-17-2025 23:00:00,36.459
03-18-2025 00:00:00,35.176
03-18-2025 01:00:00,34.504
03-18-2025 02:00:00,34.149
03-18-2025 03:00:00,33.826
03-18-2025 04:00:00,33.411
03-18-2025 05:00:00,32.361
03-18-2025 06:00:00,32.016
03-18-2025 07:00:00,34.936
03-18-2025 08:00:00,41.898
03-18-2025 09:00:00,42.19
03-18-2025 10:00:00,46.712
03-18-2025 11:00:00,50.386
03-18-2025 12:00:00,54.64
03-18-2025 13:00:00,58.45
03-18-2025 14:00:00,61.613
03-18-2025 15:00:00,63.857
03-18-2025 16:00:00,65.622
03-18-2025 17:00:00,64.515
03-18-2025 18:00:00,62.143
03-18-2025 19:00:00,51.492
03-18-2025 20:00:00,45.257
03-18-2025 21:00:00,41.515
03-18-2025 22:00:00,39.298
03-18-2025 23:00:00,37.253
03-19-2025 00:00:00,35.83
03-19-2025 01:00:00,35.031
03-19-2025 02:00:00,33.726
03-19-2025 03:00:00,33.034
03-19-2025 04:00:00,32.256
03-19-2025 05:00:00,31.752
03-19-2025 06:00:00,32.276
03-19-2025 07:00:00,36.863
03-19-2025 08:00:00,53.851
03-19-2025 09:00:00,54.997
03-19-2025 10:00:00,56.398
03-19-2025 11:00:00,61.587
03-19-2025 12:00:00,68.233
03-19-2025 13:00:00,71.348
03-19-2025 14:00:00,73.406
03-19-2025 15:00:00,72.964
03-19-2025 16:00:00,69.81
03-19-2025 17:00:00,65.862
03-19-2025 18:00:00,60.078
03-19-2025 19:00:00,55.031
03-19-2025 20:00:00,51.404
03-19-2025 21:00:00,48.944
03-19-2025 22:00:00,46.851
03-19-2025 23:00:00,46.07
03-20-2025 00:00:00,43.93
03-20-2025 01:00:00,45.33
03-20-2025 02:00:00,45.285
03-20-2025 03:00:00,44.267
03-20-2025 04:00:00,42.91
03-20-2025 05:00:00,43.055
03-20-2025 06:00:00,43.393
03-20-2025 07:00:00,43.595
03-20-2025 08:00:00,44.688
03-20-2025 09:00:00,47.236
03-20-2025 10:00:00,52.552
03-20-2025 11:00:00,58.95
03-20-2025 12:00:00,62.359
03-20-2025 13:00:00,66.959
03-20-2025 14:00:00,68.86
03-20-2025 15:00:00,67.701
03-20-2025 16:00:00,67.682
03-20-2025 17:00:00,66.127
03-20-2025 18:00:00,62.655
03-20-2025 19:00:00,59.814
03-20-2025 20:00:00,55.3
03-20-2025 21:00:00,54.501
03-20-2025 22:00:00,52.006
03-20-2025 23:00:00,48.971
03-21-2025 00:00:00,49.304
03-21-2025 01:00:00,48.442
03-21-2025 02:00:00,47.396
03-21-2025 03:00:00,46.931
03-21-2025 04:00:00,45.834
03-21-2025 05:00:00,43.962
03-21-2025 06:00:00,41.279
03-21-2025 07:00:00,39.5
03-21-2025 08:00:00,43.981
03-21-2025 09:00:00,42.469
03-21-2025 10:00:00,43.878
03-21-2025 11:00:00,46.06
03-21-2025 12:00:00,49.181
03-21-2025 13:00:00,51.381
03-21-2025 14:00:00,53.291
03-21-2025 15:00:00,54.024
03-21-2025 16:00:00,53.772
03-21-2025 17:00:00,52.967
03-21-2025 18:00:00,50.726
03-21-2025 19:00:00,46.528
03-21-2025 20:00:00,40.423
03-21-2025 21:00:00,34.881
03-21-2025 22:00:00,33.406
03-21-2025 23:00:00,31.651
03-22-2025 00:00:00,29.923
03-22-2025 01:00:00,29.513
03-22-2025 02:00:00,28.602
03-22-2025 03:00:00,28.492
03-22-2025 04:00:00,28.894
03-22-2025 05:00:00,29.2
03-22-2025 06:00:00,29.513
03-22-2025 07:00:00,30.748
03-22-2025 08:00:00,45.087
03-22-2025 09:00:00,56.346
03-22-2025 10:00:00,62.358
03-22-2025 11:00:00,64.117
03-22-2025 12:00:00,66.693
03-22-2025 13:00:00,67.929
03-22-2025 14:00:00,64.698
03-22-2025 15:00:00,63.546
03-22-2025 16:00:00,64.142
03-22-2025 17:00:00,61.518
03-22-2025 18:00:00,58.478
03-22-2025 19:00:00,55.804
03-22-2025 20:00:00,51.668
03-22-2025 21:00:00,48.377
03-22-2025 22:00:00,45.358
03-22-2025 23:00:00,42.282
03-23-2025 00:00:00,40.577
03-23-2025 01:00:00,38.626
03-23-2025 02:00:00,36.725
03-23-2025 03:00:00,34.583
03-23-2025 04:00:00,32.915
03-23-2025 05:00:00,31.197
03-23-2025 06:00:00,29.272
03-23-2025 07:00:00,34.432
03-23-2025 08:00:00,45.776
03-23-2025 09:00:00,39.154
03-23-2025 10:00:00,41.143
03-23-2025 11:00:00,44.821
03-23-2025 12:00:00,48.686
03-23-2025 13:00:00,51.093
03-23-2025 14:00:00,52.879
03-23-2025 15:00:00,53.317
03-23-2025 16:00:00,54.873
03-23-2025 17:00:00,52.165
03-23-2025 18:00:00,48.539
03-23-2025 19:00:00,43.55
03-23-2025 20:00:00,41.703
03-23-2025 21:00:00,40.112
03-23-2025 22:00:00,39.43
03-23-2025 23:00:00,39.774
03-24-2025 00:00:00,40.719
03-24-2025 01:00:00,40.824
03-24-2025 02:00:00,39.549
03-24-2025 03:00:00,39.264
03-24-2025 04:00:00,39.315
03-24-2025 05:00:00,39.092
03-24-2025 06:00:00,38.568
03-24-2025 07:00:00,39.317
03-24-2025 08:00:00,41.525
03-24-2025 09:00:00,43.846
03-24-2025 10:00:00,45.299
03-24-2025 11:00:00,46.686
03-24-2025 12:00:00,47.838
03-24-2025 13:00:00,47.812
03-24-2025 14:00:00,49.667
03-24-2025 15:00:00,50.402
03-24-2025 16:00:00,50.925
03-24-2025 17:00:00,53.968
03-24-2025 18:00:00,54.242
03-24-2025 19:00:00,47.929
03-24-2025 20:00:00,43.788
03-24-2025 21:00:00,41.075
03-24-2025 22:00:00,40.419
03-24-2025 23:00:00,41.225
03-25-2025 00:00:00,45.826
03-25-2025 01:00:00,44.802
03-25-2025 02:00:00,44.865
03-25-2025 03:00:00,44.518
03-25-2025 04:00:00,43.329
03-25-2025 05:00:00,40.112
03-25-2025 06:00:00,38.582
03-25-2025 07:00:00,41.646
03-25-2025 08:00:00,""
03-25-2025 09:00:00,""
03-25-2025 10:00:00,""
03-25-2025 11:00:00,""
03-25-2025 12:00:00,""
03-25-2025 13:00:00,""
03-25-2025 14:00:00,""
03-25-2025 15:00:00,""
03-25-2025 16:00:00,""
03-25-2025 17:00:00,""
03-25-2025 18:00:00,""
03-25-2025 19:00:00,""
03-25-2025 20:00:00,""
03-25-2025 21:00:00,""
03-25-2025 22:00:00,""
03-25-2025 23:00:00,""