"Date,Time,ETR tilt"
"11/15/2024,0:00:00,0.0000"
"11/15/2024,0:10:00,0.0000"
"11/15/2024,0:20:00,0.0000"
"11/15/2024,0:30:00,0.0000"
"11/15/2024,0:40:00,0.0000"
"11/15/2024,0:50:00,0.0000"
"11/15/2024,1:00:00,0.0000"
"11/15/2024,1:10:00,0.0000"
"11/15/2024,1:20:00,0.0000"
"11/15/2024,1:30:00,0.0000"
"11/15/2024,1:40:00,0.0000"
"11/15/2024,1:50:00,0.0000"
"11/15/2024,2:00:00,0.0000"
"11/15/2024,2:10:00,0.0000"
"11/15/2024,2:20:00,0.0000"
"11/15/2024,2:30:00,0.0000"
"11/15/2024,2:40:00,0.0000"
"11/15/2024,2:50:00,0.0000"
"11/15/2024,3:00:00,0.0000"
"11/15/2024,3:10:00,0.0000"
"11/15/2024,3:20:00,0.0000"
"11/15/2024,3:30:00,0.0000"
"11/15/2024,3:40:00,0.0000"
"11/15/2024,3:50:00,0.0000"
"11/15/2024,4:00:00,0.0000"
"11/15/2024,4:10:00,0.0000"
"11/15/2024,4:20:00,0.0000"
"11/15/2024,4:30:00,0.0000"
"11/15/2024,4:40:00,0.0000"
"11/15/2024,4:50:00,0.0000"
"11/15/2024,5:00:00,0.0000"
"11/15/2024,5:10:00,0.0000"
"11/15/2024,5:20:00,0.0000"
"11/15/2024,5:30:00,0.0000"
"11/15/2024,5:40:00,0.0000"
"11/15/2024,5:50:00,0.0000"
"11/15/2024,6:00:00,0.0000"
"11/15/2024,6:10:00,0.0000"
"11/15/2024,6:20:00,0.0000"
"11/15/2024,6:30:00,0.0000"
"11/15/2024,6:40:00,0.0000"
"11/15/2024,6:50:00,0.0000"
"11/15/2024,7:00:00,0.0000"
"11/15/2024,7:10:00,0.0000"
"11/15/2024,7:20:00,44.6538"
"11/15/2024,7:30:00,91.3165"
"11/15/2024,7:40:00,137.5629"
"11/15/2024,7:50:00,183.2453"
"11/15/2024,8:00:00,228.1976"
"11/15/2024,8:10:00,272.3258"
"11/15/2024,8:20:00,315.5295"
"11/15/2024,8:30:00,357.7170"
"11/15/2024,8:40:00,398.8014"
"11/15/2024,8:50:00,438.6985"
"11/15/2024,9:00:00,477.3303"
"11/15/2024,9:10:00,514.6202"
"11/15/2024,9:20:00,550.5079"
"11/15/2024,9:30:00,584.8984"
"11/15/2024,9:40:00,617.7374"
"11/15/2024,9:50:00,648.9626"
"11/15/2024,10:00:00,678.5132"
"11/15/2024,10:10:00,706.3328"
"11/15/2024,10:20:00,732.3680"
"11/15/2024,10:30:00,756.5688"
"11/15/2024,10:40:00,778.8893"
"11/15/2024,10:50:00,799.2932"
"11/15/2024,11:00:00,817.7270"
"11/15/2024,11:10:00,834.1629"
"11/15/2024,11:20:00,848.5701"
"11/15/2024,11:30:00,860.9213"
"11/15/2024,11:40:00,871.1912"
"11/15/2024,11:50:00,879.3630"
"11/15/2024,12:00:00,885.4189"
"11/15/2024,12:10:00,889.3483"
"11/15/2024,12:20:00,891.1439"
"11/15/2024,12:30:00,890.8013"
"11/15/2024,12:40:00,888.3220"
"11/15/2024,12:50:00,883.7111"
"11/15/2024,13:00:00,876.9775"
"11/15/2024,13:10:00,868.1342"
"11/15/2024,13:20:00,857.1983"
"11/15/2024,13:30:00,844.1912"
"11/15/2024,13:40:00,829.1384"
"11/15/2024,13:50:00,812.0612"
"11/15/2024,14:00:00,793.0070"
"11/15/2024,14:10:00,772.0061"
"11/15/2024,14:20:00,749.1000"
"11/15/2024,14:30:00,724.3342"
"11/15/2024,14:40:00,697.7569"
"11/15/2024,14:50:00,669.4223"
"11/15/2024,15:00:00,639.3879"
"11/15/2024,15:10:00,607.7170"
"11/15/2024,15:20:00,574.4636"
"11/15/2024,15:30:00,539.7301"
"11/15/2024,15:40:00,503.5889"
"11/15/2024,15:50:00,466.1410"
"11/15/2024,16:00:00,427.5151"
"11/15/2024,16:10:00,387.8888"
"11/15/2024,16:20:00,347.6269"
"11/15/2024,16:30:00,307.3067"
"11/15/2024,16:40:00,0.0000"
"11/15/2024,16:50:00,0.0000"
"11/15/2024,17:00:00,0.0000"
"11/15/2024,17:10:00,0.0000"
"11/15/2024,17:20:00,0.0000"
"11/15/2024,17:30:00,0.0000"
"11/15/2024,17:40:00,0.0000"
"11/15/2024,17:50:00,0.0000"
"11/15/2024,18:00:00,0.0000"
"11/15/2024,18:10:00,0.0000"
"11/15/2024,18:20:00,0.0000"
"11/15/2024,18:30:00,0.0000"
"11/15/2024,18:40:00,0.0000"
"11/15/2024,18:50:00,0.0000"
"11/15/2024,19:00:00,0.0000"
"11/15/2024,19:10:00,0.0000"
"11/15/2024,19:20:00,0.0000"
"11/15/2024,19:30:00,0.0000"
"11/15/2024,19:40:00,0.0000"
"11/15/2024,19:50:00,0.0000"
"11/15/2024,20:00:00,0.0000"
"11/15/2024,20:10:00,0.0000"
"11/15/2024,20:20:00,0.0000"
"11/15/2024,20:30:00,0.0000"
"11/15/2024,20:40:00,0.0000"
"11/15/2024,20:50:00,0.0000"
"11/15/2024,21:00:00,0.0000"
"11/15/2024,21:10:00,0.0000"
"11/15/2024,21:20:00,0.0000"
"11/15/2024,21:30:00,0.0000"
"11/15/2024,21:40:00,0.0000"
"11/15/2024,21:50:00,0.0000"
"11/15/2024,22:00:00,0.0000"
"11/15/2024,22:10:00,0.0000"
"11/15/2024,22:20:00,0.0000"
"11/15/2024,22:30:00,0.0000"
"11/15/2024,22:40:00,0.0000"
"11/15/2024,22:50:00,0.0000"
"11/15/2024,23:00:00,0.0000"
"11/15/2024,23:10:00,0.0000"
"11/15/2024,23:20:00,0.0000"
"11/15/2024,23:30:00,0.0000"
"11/15/2024,23:40:00,0.0000"
"11/15/2024,23:50:00,0.0000"
"11/16/2024,0:00:00,0.0000"
"11/16/2024,0:10:00,0.0000"
"11/16/2024,0:20:00,0.0000"
"11/16/2024,0:30:00,0.0000"
"11/16/2024,0:40:00,0.0000"
"11/16/2024,0:50:00,0.0000"
"11/16/2024,1:00:00,0.0000"
"11/16/2024,1:10:00,0.0000"
"11/16/2024,1:20:00,0.0000"
"11/16/2024,1:30:00,0.0000"
"11/16/2024,1:40:00,0.0000"
"11/16/2024,1:50:00,0.0000"
"11/16/2024,2:00:00,0.0000"
"11/16/2024,2:10:00,0.0000"
"11/16/2024,2:20:00,0.0000"
"11/16/2024,2:30:00,0.0000"
"11/16/2024,2:40:00,0.0000"
"11/16/2024,2:50:00,0.0000"
"11/16/2024,3:00:00,0.0000"
"11/16/2024,3:10:00,0.0000"
"11/16/2024,3:20:00,0.0000"
"11/16/2024,3:30:00,0.0000"
"11/16/2024,3:40:00,0.0000"
"11/16/2024,3:50:00,0.0000"
"11/16/2024,4:00:00,0.0000"
"11/16/2024,4:10:00,0.0000"
"11/16/2024,4:20:00,0.0000"
"11/16/2024,4:30:00,0.0000"
"11/16/2024,4:40:00,0.0000"
"11/16/2024,4:50:00,0.0000"
"11/16/2024,5:00:00,0.0000"
"11/16/2024,5:10:00,0.0000"
"11/16/2024,5:20:00,0.0000"
"11/16/2024,5:30:00,0.0000"
"11/16/2024,5:40:00,0.0000"
"11/16/2024,5:50:00,0.0000"
"11/16/2024,6:00:00,0.0000"
"11/16/2024,6:10:00,0.0000"
"11/16/2024,6:20:00,0.0000"
"11/16/2024,6:30:00,0.0000"
"11/16/2024,6:40:00,0.0000"
"11/16/2024,6:50:00,0.0000"
"11/16/2024,7:00:00,0.0000"
"11/16/2024,7:10:00,0.0000"
"11/16/2024,7:20:00,40.4985"
"11/16/2024,7:30:00,87.1001"
"11/16/2024,7:40:00,133.2923"
"11/16/2024,7:50:00,178.9284"
"11/16/2024,8:00:00,223.8420"
"11/16/2024,8:10:00,267.9360"
"11/16/2024,8:20:00,311.1095"
"11/16/2024,8:30:00,353.2716"
"11/16/2024,8:40:00,394.3323"
"11/16/2024,8:50:00,434.2102"
"11/16/2024,9:00:00,472.8253"
"11/16/2024,9:10:00,510.1011"
"11/16/2024,9:20:00,545.9787"
"11/16/2024,9:30:00,580.3613"
"11/16/2024,9:40:00,613.1960"
"11/16/2024,9:50:00,644.4193"
"11/16/2024,10:00:00,673.9714"
"11/16/2024,10:10:00,701.7951"
"11/16/2024,10:20:00,727.8371"
"11/16/2024,10:30:00,752.0479"
"11/16/2024,10:40:00,774.3806"
"11/16/2024,10:50:00,794.8000"
"11/16/2024,11:00:00,813.2521"
"11/16/2024,11:10:00,829.7092"
"11/16/2024,11:20:00,844.1403"
"11/16/2024,11:30:00,856.5171"
"11/16/2024,11:40:00,866.8164"
"11/16/2024,11:50:00,875.0199"
"11/16/2024,12:00:00,881.1096"
"11/16/2024,12:10:00,885.0754"
"11/16/2024,12:20:00,886.9099"
"11/16/2024,12:30:00,886.6083"
"11/16/2024,12:40:00,884.1722"
"11/16/2024,12:50:00,879.6068"
"11/16/2024,13:00:00,872.9206"
"11/16/2024,13:10:00,864.1268"
"11/16/2024,13:20:00,853.2421"
"11/16/2024,13:30:00,840.2882"
"11/16/2024,13:40:00,825.2897"
"11/16/2024,13:50:00,808.2692"
"11/16/2024,14:00:00,789.2725"
"11/16/2024,14:10:00,768.3312"
"11/16/2024,14:20:00,745.4853"
"11/16/2024,14:30:00,720.7812"
"11/16/2024,14:40:00,694.2673"
"11/16/2024,14:50:00,665.9968"
"11/16/2024,15:00:00,636.0277"
"11/16/2024,15:10:00,604.4230"
"11/16/2024,15:20:00,571.2382"
"11/16/2024,15:30:00,536.5737"
"11/16/2024,15:40:00,500.5039"
"11/16/2024,15:50:00,463.1321"
"11/16/2024,16:00:00,424.5876"
"11/16/2024,16:10:00,385.0586"
"11/16/2024,16:20:00,344.9174"
"11/16/2024,16:30:00,304.7835"
"11/16/2024,16:40:00,0.0000"
"11/16/2024,16:50:00,0.0000"
"11/16/2024,17:00:00,0.0000"
"11/16/2024,17:10:00,0.0000"
"11/16/2024,17:20:00,0.0000"
"11/16/2024,17:30:00,0.0000"
"11/16/2024,17:40:00,0.0000"
"11/16/2024,17:50:00,0.0000"
"11/16/2024,18:00:00,0.0000"
"11/16/2024,18:10:00,0.0000"
"11/16/2024,18:20:00,0.0000"
"11/16/2024,18:30:00,0.0000"
"11/16/2024,18:40:00,0.0000"
"11/16/2024,18:50:00,0.0000"
"11/16/2024,19:00:00,0.0000"
"11/16/2024,19:10:00,0.0000"
"11/16/2024,19:20:00,0.0000"
"11/16/2024,19:30:00,0.0000"
"11/16/2024,19:40:00,0.0000"
"11/16/2024,19:50:00,0.0000"
"11/16/2024,20:00:00,0.0000"
"11/16/2024,20:10:00,0.0000"
"11/16/2024,20:20:00,0.0000"
"11/16/2024,20:30:00,0.0000"
"11/16/2024,20:40:00,0.0000"
"11/16/2024,20:50:00,0.0000"
"11/16/2024,21:00:00,0.0000"
"11/16/2024,21:10:00,0.0000"
"11/16/2024,21:20:00,0.0000"
"11/16/2024,21:30:00,0.0000"
"11/16/2024,21:40:00,0.0000"
"11/16/2024,21:50:00,0.0000"
"11/16/2024,22:00:00,0.0000"
"11/16/2024,22:10:00,0.0000"
"11/16/2024,22:20:00,0.0000"
"11/16/2024,22:30:00,0.0000"
"11/16/2024,22:40:00,0.0000"
"11/16/2024,22:50:00,0.0000"
"11/16/2024,23:00:00,0.0000"
"11/16/2024,23:10:00,0.0000"
"11/16/2024,23:20:00,0.0000"
"11/16/2024,23:30:00,0.0000"
"11/16/2024,23:40:00,0.0000"
"11/16/2024,23:50:00,0.0000"
"11/17/2024,0:00:00,0.0000"
"11/17/2024,0:10:00,0.0000"
"11/17/2024,0:20:00,0.0000"
"11/17/2024,0:30:00,0.0000"
"11/17/2024,0:40:00,0.0000"
"11/17/2024,0:50:00,0.0000"
"11/17/2024,1:00:00,0.0000"
"11/17/2024,1:10:00,0.0000"
"11/17/2024,1:20:00,0.0000"
"11/17/2024,1:30:00,0.0000"
"11/17/2024,1:40:00,0.0000"
"11/17/2024,1:50:00,0.0000"
"11/17/2024,2:00:00,0.0000"
"11/17/2024,2:10:00,0.0000"
"11/17/2024,2:20:00,0.0000"
"11/17/2024,2:30:00,0.0000"
"11/17/2024,2:40:00,0.0000"
"11/17/2024,2:50:00,0.0000"
"11/17/2024,3:00:00,0.0000"
"11/17/2024,3:10:00,0.0000"
"11/17/2024,3:20:00,0.0000"
"11/17/2024,3:30:00,0.0000"
"11/17/2024,3:40:00,0.0000"
"11/17/2024,3:50:00,0.0000"
"11/17/2024,4:00:00,0.0000"
"11/17/2024,4:10:00,0.0000"
"11/17/2024,4:20:00,0.0000"
"11/17/2024,4:30:00,0.0000"
"11/17/2024,4:40:00,0.0000"
"11/17/2024,4:50:00,0.0000"
"11/17/2024,5:00:00,0.0000"
"11/17/2024,5:10:00,0.0000"
"11/17/2024,5:20:00,0.0000"
"11/17/2024,5:30:00,0.0000"
"11/17/2024,5:40:00,0.0000"
"11/17/2024,5:50:00,0.0000"
"11/17/2024,6:00:00,0.0000"
"11/17/2024,6:10:00,0.0000"
"11/17/2024,6:20:00,0.0000"
"11/17/2024,6:30:00,0.0000"
"11/17/2024,6:40:00,0.0000"
"11/17/2024,6:50:00,0.0000"
"11/17/2024,7:00:00,0.0000"
"11/17/2024,7:10:00,0.0000"
"11/17/2024,7:20:00,36.3677"
"11/17/2024,7:30:00,82.8956"
"11/17/2024,7:40:00,129.0328"
"11/17/2024,7:50:00,174.6250"
"11/17/2024,8:00:00,219.5004"
"11/17/2024,8:10:00,263.5621"
"11/17/2024,8:20:00,306.7074"
"11/17/2024,8:30:00,348.8441"
"11/17/2024,8:40:00,389.8845"
"11/17/2024,8:50:00,429.7442"
"11/17/2024,9:00:00,468.3445"
"11/17/2024,9:10:00,505.6091"
"11/17/2024,9:20:00,541.4786"
"11/17/2024,9:30:00,575.8555"
"11/17/2024,9:40:00,608.6876"
"11/17/2024,9:50:00,639.9114"
"11/17/2024,10:00:00,669.4672"
"11/17/2024,10:10:00,697.2977"
"11/17/2024,10:20:00,723.3492"
"11/17/2024,10:30:00,747.5725"
"11/17/2024,10:40:00,769.9210"
"11/17/2024,10:50:00,790.3585"
"11/17/2024,11:00:00,808.8320"
"11/17/2024,11:10:00,825.3128"
"11/17/2024,11:20:00,839.7702"
"11/17/2024,11:30:00,852.1766"
"11/17/2024,11:40:00,862.5076"
"11/17/2024,11:50:00,870.7452"
"11/17/2024,12:00:00,876.8719"
"11/17/2024,12:10:00,880.8774"
"11/17/2024,12:20:00,882.7534"
"11/17/2024,12:30:00,882.4958"
"11/17/2024,12:40:00,880.1059"
"11/17/2024,12:50:00,875.5886"
"11/17/2024,13:00:00,868.9526"
"11/17/2024,13:10:00,860.2111"
"11/17/2024,13:20:00,849.3804"
"11/17/2024,13:30:00,836.4824"
"11/17/2024,13:40:00,821.5413"
"11/17/2024,13:50:00,804.5795"
"11/17/2024,14:00:00,785.6437"
"11/17/2024,14:10:00,764.7638"
"11/17/2024,14:20:00,741.9813"
"11/17/2024,14:30:00,717.3412"
"11/17/2024,14:40:00,690.8926"
"11/17/2024,14:50:00,662.6884"
"11/17/2024,15:00:00,632.7867"
"11/17/2024,15:10:00,601.2504"
"11/17/2024,15:20:00,568.1345"
"11/17/2024,15:30:00,533.5416"
"11/17/2024,15:40:00,497.5459"
"11/17/2024,15:50:00,460.2506"
"11/17/2024,16:00:00,421.7886"
"11/17/2024,16:10:00,382.3586"
"11/17/2024,16:20:00,342.3405"
"11/17/2024,16:30:00,302.3964"
"11/17/2024,16:40:00,0.0000"
"11/17/2024,16:50:00,0.0000"
"11/17/2024,17:00:00,0.0000"
"11/17/2024,17:10:00,0.0000"
"11/17/2024,17:20:00,0.0000"
"11/17/2024,17:30:00,0.0000"
"11/17/2024,17:40:00,0.0000"
"11/17/2024,17:50:00,0.0000"
"11/17/2024,18:00:00,0.0000"
"11/17/2024,18:10:00,0.0000"
"11/17/2024,18:20:00,0.0000"
"11/17/2024,18:30:00,0.0000"
"11/17/2024,18:40:00,0.0000"
"11/17/2024,18:50:00,0.0000"
"11/17/2024,19:00:00,0.0000"
"11/17/2024,19:10:00,0.0000"
"11/17/2024,19:20:00,0.0000"
"11/17/2024,19:30:00,0.0000"
"11/17/2024,19:40:00,0.0000"
"11/17/2024,19:50:00,0.0000"
"11/17/2024,20:00:00,0.0000"
"11/17/2024,20:10:00,0.0000"
"11/17/2024,20:20:00,0.0000"
"11/17/2024,20:30:00,0.0000"
"11/17/2024,20:40:00,0.0000"
"11/17/2024,20:50:00,0.0000"
"11/17/2024,21:00:00,0.0000"
"11/17/2024,21:10:00,0.0000"
"11/17/2024,21:20:00,0.0000"
"11/17/2024,21:30:00,0.0000"
"11/17/2024,21:40:00,0.0000"
"11/17/2024,21:50:00,0.0000"
"11/17/2024,22:00:00,0.0000"
"11/17/2024,22:10:00,0.0000"
"11/17/2024,22:20:00,0.0000"
"11/17/2024,22:30:00,0.0000"
"11/17/2024,22:40:00,0.0000"
"11/17/2024,22:50:00,0.0000"
"11/17/2024,23:00:00,0.0000"
"11/17/2024,23:10:00,0.0000"
"11/17/2024,23:20:00,0.0000"
"11/17/2024,23:30:00,0.0000"
"11/17/2024,23:40:00,0.0000"
"11/17/2024,23:50:00,0.0000"
"11/18/2024,0:00:00,0.0000"
"11/18/2024,0:10:00,0.0000"
"11/18/2024,0:20:00,0.0000"
"11/18/2024,0:30:00,0.0000"
"11/18/2024,0:40:00,0.0000"
"11/18/2024,0:50:00,0.0000"
"11/18/2024,1:00:00,0.0000"
"11/18/2024,1:10:00,0.0000"
"11/18/2024,1:20:00,0.0000"
"11/18/2024,1:30:00,0.0000"
"11/18/2024,1:40:00,0.0000"
"11/18/2024,1:50:00,0.0000"
"11/18/2024,2:00:00,0.0000"
"11/18/2024,2:10:00,0.0000"
"11/18/2024,2:20:00,0.0000"
"11/18/2024,2:30:00,0.0000"
"11/18/2024,2:40:00,0.0000"
"11/18/2024,2:50:00,0.0000"
"11/18/2024,3:00:00,0.0000"
"11/18/2024,3:10:00,0.0000"
"11/18/2024,3:20:00,0.0000"
"11/18/2024,3:30:00,0.0000"
"11/18/2024,3:40:00,0.0000"
"11/18/2024,3:50:00,0.0000"
"11/18/2024,4:00:00,0.0000"
"11/18/2024,4:10:00,0.0000"
"11/18/2024,4:20:00,0.0000"
"11/18/2024,4:30:00,0.0000"
"11/18/2024,4:40:00,0.0000"
"11/18/2024,4:50:00,0.0000"
"11/18/2024,5:00:00,0.0000"
"11/18/2024,5:10:00,0.0000"
"11/18/2024,5:20:00,0.0000"
"11/18/2024,5:30:00,0.0000"
"11/18/2024,5:40:00,0.0000"
"11/18/2024,5:50:00,0.0000"
"11/18/2024,6:00:00,0.0000"
"11/18/2024,6:10:00,0.0000"
"11/18/2024,6:20:00,0.0000"
"11/18/2024,6:30:00,0.0000"
"11/18/2024,6:40:00,0.0000"
"11/18/2024,6:50:00,0.0000"
"11/18/2024,7:00:00,0.0000"
"11/18/2024,7:10:00,0.0000"
"11/18/2024,7:20:00,32.2537"
"11/18/2024,7:30:00,78.7052"
"11/18/2024,7:40:00,124.7880"
"11/18/2024,7:50:00,170.3363"
"11/18/2024,8:00:00,215.1752"
"11/18/2024,8:10:00,259.2051"
"11/18/2024,8:20:00,302.3241"
"11/18/2024,8:30:00,344.4380"
"11/18/2024,8:40:00,385.4588"
"11/18/2024,8:50:00,425.3034"
"11/18/2024,9:00:00,463.8907"
"11/18/2024,9:10:00,501.1463"
"11/18/2024,9:20:00,537.0090"
"11/18/2024,9:30:00,571.3833"
"11/18/2024,9:40:00,604.2158"
"11/18/2024,9:50:00,635.4424"
"11/18/2024,10:00:00,665.0043"
"11/18/2024,10:10:00,692.8441"
"11/18/2024,10:20:00,718.9084"
"11/18/2024,10:30:00,743.1468"
"11/18/2024,10:40:00,765.5132"
"11/18/2024,10:50:00,785.9718"
"11/18/2024,11:00:00,804.4688"
"11/18/2024,11:10:00,820.9766"
"11/18/2024,11:20:00,835.4634"
"11/18/2024,11:30:00,847.9022"
"11/18/2024,11:40:00,858.2684"
"11/18/2024,11:50:00,866.5428"
"11/18/2024,12:00:00,872.7097"
"11/18/2024,12:10:00,876.7568"
"11/18/2024,12:20:00,878.6777"
"11/18/2024,12:30:00,878.4668"
"11/18/2024,12:40:00,876.1260"
"11/18/2024,12:50:00,871.6598"
"11/18/2024,13:00:00,865.0770"
"11/18/2024,13:10:00,856.3902"
"11/18/2024,13:20:00,845.6163"
"11/18/2024,13:30:00,832.7767"
"11/18/2024,13:40:00,817.8956"
"11/18/2024,13:50:00,800.9952"
"11/18/2024,14:00:00,782.1223"
"11/18/2024,14:10:00,761.3068"
"11/18/2024,14:20:00,738.5895"
"11/18/2024,14:30:00,714.0156"
"11/18/2024,14:40:00,687.6346"
"11/18/2024,14:50:00,659.4986"
"11/18/2024,15:00:00,629.6667"
"11/18/2024,15:10:00,598.2004"
"11/18/2024,15:20:00,565.1563"
"11/18/2024,15:30:00,530.6361"
"11/18/2024,15:40:00,494.7154"
"11/18/2024,15:50:00,457.4981"
"11/18/2024,16:00:00,419.1204"
"11/18/2024,16:10:00,379.7917"
"11/18/2024,16:20:00,339.8967"
"11/18/2024,16:30:00,300.1445"
"11/18/2024,16:40:00,0.0000"
"11/18/2024,16:50:00,0.0000"
"11/18/2024,17:00:00,0.0000"
"11/18/2024,17:10:00,0.0000"
"11/18/2024,17:20:00,0.0000"
"11/18/2024,17:30:00,0.0000"
"11/18/2024,17:40:00,0.0000"
"11/18/2024,17:50:00,0.0000"
"11/18/2024,18:00:00,0.0000"
"11/18/2024,18:10:00,0.0000"
"11/18/2024,18:20:00,0.0000"
"11/18/2024,18:30:00,0.0000"
"11/18/2024,18:40:00,0.0000"
"11/18/2024,18:50:00,0.0000"
"11/18/2024,19:00:00,0.0000"
"11/18/2024,19:10:00,0.0000"
"11/18/2024,19:20:00,0.0000"
"11/18/2024,19:30:00,0.0000"
"11/18/2024,19:40:00,0.0000"
"11/18/2024,19:50:00,0.0000"
"11/18/2024,20:00:00,0.0000"
"11/18/2024,20:10:00,0.0000"
"11/18/2024,20:20:00,0.0000"
"11/18/2024,20:30:00,0.0000"
"11/18/2024,20:40:00,0.0000"
"11/18/2024,20:50:00,0.0000"
"11/18/2024,21:00:00,0.0000"
"11/18/2024,21:10:00,0.0000"
"11/18/2024,21:20:00,0.0000"
"11/18/2024,21:30:00,0.0000"
"11/18/2024,21:40:00,0.0000"
"11/18/2024,21:50:00,0.0000"
"11/18/2024,22:00:00,0.0000"
"11/18/2024,22:10:00,0.0000"
"11/18/2024,22:20:00,0.0000"
"11/18/2024,22:30:00,0.0000"
"11/18/2024,22:40:00,0.0000"
"11/18/2024,22:50:00,0.0000"
"11/18/2024,23:00:00,0.0000"
"11/18/2024,23:10:00,0.0000"
"11/18/2024,23:20:00,0.0000"
"11/18/2024,23:30:00,0.0000"
"11/18/2024,23:40:00,0.0000"
"11/18/2024,23:50:00,0.0000"
"11/19/2024,0:00:00,0.0000"
"11/19/2024,0:10:00,0.0000"
"11/19/2024,0:20:00,0.0000"
"11/19/2024,0:30:00,0.0000"
"11/19/2024,0:40:00,0.0000"
"11/19/2024,0:50:00,0.0000"
"11/19/2024,1:00:00,0.0000"
"11/19/2024,1:10:00,0.0000"
"11/19/2024,1:20:00,0.0000"
"11/19/2024,1:30:00,0.0000"
"11/19/2024,1:40:00,0.0000"
"11/19/2024,1:50:00,0.0000"
"11/19/2024,2:00:00,0.0000"
"11/19/2024,2:10:00,0.0000"
"11/19/2024,2:20:00,0.0000"
"11/19/2024,2:30:00,0.0000"
"11/19/2024,2:40:00,0.0000"
"11/19/2024,2:50:00,0.0000"
"11/19/2024,3:00:00,0.0000"
"11/19/2024,3:10:00,0.0000"
"11/19/2024,3:20:00,0.0000"
"11/19/2024,3:30:00,0.0000"
"11/19/2024,3:40:00,0.0000"
"11/19/2024,3:50:00,0.0000"
"11/19/2024,4:00:00,0.0000"
"11/19/2024,4:10:00,0.0000"
"11/19/2024,4:20:00,0.0000"
"11/19/2024,4:30:00,0.0000"
"11/19/2024,4:40:00,0.0000"
"11/19/2024,4:50:00,0.0000"
"11/19/2024,5:00:00,0.0000"
"11/19/2024,5:10:00,0.0000"
"11/19/2024,5:20:00,0.0000"
"11/19/2024,5:30:00,0.0000"
"11/19/2024,5:40:00,0.0000"
"11/19/2024,5:50:00,0.0000"
"11/19/2024,6:00:00,0.0000"
"11/19/2024,6:10:00,0.0000"
"11/19/2024,6:20:00,0.0000"
"11/19/2024,6:30:00,0.0000"
"11/19/2024,6:40:00,0.0000"
"11/19/2024,6:50:00,0.0000"
"11/19/2024,7:00:00,0.0000"
"11/19/2024,7:10:00,0.0000"
"11/19/2024,7:20:00,28.1605"
"11/19/2024,7:30:00,74.5320"
"11/19/2024,7:40:00,120.5612"
"11/19/2024,7:50:00,166.0649"
"11/19/2024,8:00:00,210.8681"
"11/19/2024,8:10:00,254.8690"
"11/19/2024,8:20:00,297.9629"
"11/19/2024,8:30:00,340.0561"
"11/19/2024,8:40:00,381.0591"
"11/19/2024,8:50:00,420.8889"
"11/19/2024,9:00:00,459.4665"
"11/19/2024,9:10:00,496.7144"
"11/19/2024,9:20:00,532.5739"
"11/19/2024,9:30:00,566.9479"
"11/19/2024,9:40:00,599.7827"
"11/19/2024,9:50:00,631.0151"
"11/19/2024,10:00:00,660.5859"
"11/19/2024,10:10:00,688.4377"
"11/19/2024,10:20:00,714.5168"
"11/19/2024,10:30:00,738.7729"
"11/19/2024,10:40:00,761.1605"
"11/19/2024,10:50:00,781.6429"
"11/19/2024,11:00:00,800.1668"
"11/19/2024,11:10:00,816.7037"
"11/19/2024,11:20:00,831.2234"
"11/19/2024,11:30:00,843.6967"
"11/19/2024,11:40:00,854.1004"
"11/19/2024,11:50:00,862.4152"
"11/19/2024,12:00:00,868.6247"
"11/19/2024,12:10:00,872.7173"
"11/19/2024,12:20:00,874.6854"
"11/19/2024,12:30:00,874.5244"
"11/19/2024,12:40:00,872.2354"
"11/19/2024,12:50:00,867.8229"
"11/19/2024,13:00:00,861.2960"
"11/19/2024,13:10:00,852.6669"
"11/19/2024,13:20:00,841.9525"
"11/19/2024,13:30:00,829.1737"
"11/19/2024,13:40:00,814.3551"
"11/19/2024,13:50:00,797.5190"
"11/19/2024,14:00:00,778.7112"
"11/19/2024,14:10:00,757.9621"
"11/19/2024,14:20:00,735.3124"
"11/19/2024,14:30:00,710.8073"
"11/19/2024,14:40:00,684.4955"
"11/19/2024,14:50:00,656.4300"
"11/19/2024,15:00:00,626.6692"
"11/19/2024,15:10:00,595.2752"
"11/19/2024,15:20:00,562.3040"
"11/19/2024,15:30:00,527.8588"
"11/19/2024,15:40:00,492.0142"
"11/19/2024,15:50:00,454.8768"
"11/19/2024,16:00:00,416.5843"
"11/19/2024,16:10:00,377.3574"
"11/19/2024,16:20:00,337.5876"
"11/19/2024,16:30:00,298.0281"
"11/19/2024,16:40:00,0.0000"
"11/19/2024,16:50:00,0.0000"
"11/19/2024,17:00:00,0.0000"
"11/19/2024,17:10:00,0.0000"
"11/19/2024,17:20:00,0.0000"
"11/19/2024,17:30:00,0.0000"
"11/19/2024,17:40:00,0.0000"
"11/19/2024,17:50:00,0.0000"
"11/19/2024,18:00:00,0.0000"
"11/19/2024,18:10:00,0.0000"
"11/19/2024,18:20:00,0.0000"
"11/19/2024,18:30:00,0.0000"
"11/19/2024,18:40:00,0.0000"
"11/19/2024,18:50:00,0.0000"
"11/19/2024,19:00:00,0.0000"
"11/19/2024,19:10:00,0.0000"
"11/19/2024,19:20:00,0.0000"
"11/19/2024,19:30:00,0.0000"
"11/19/2024,19:40:00,0.0000"
"11/19/2024,19:50:00,0.0000"
"11/19/2024,20:00:00,0.0000"
"11/19/2024,20:10:00,0.0000"
"11/19/2024,20:20:00,0.0000"
"11/19/2024,20:30:00,0.0000"
"11/19/2024,20:40:00,0.0000"
"11/19/2024,20:50:00,0.0000"
"11/19/2024,21:00:00,0.0000"
"11/19/2024,21:10:00,0.0000"
"11/19/2024,21:20:00,0.0000"
"11/19/2024,21:30:00,0.0000"
"11/19/2024,21:40:00,0.0000"
"11/19/2024,21:50:00,0.0000"
"11/19/2024,22:00:00,0.0000"
"11/19/2024,22:10:00,0.0000"
"11/19/2024,22:20:00,0.0000"
"11/19/2024,22:30:00,0.0000"
"11/19/2024,22:40:00,0.0000"
"11/19/2024,22:50:00,0.0000"
"11/19/2024,23:00:00,0.0000"
"11/19/2024,23:10:00,0.0000"
"11/19/2024,23:20:00,0.0000"
"11/19/2024,23:30:00,0.0000"
"11/19/2024,23:40:00,0.0000"
"11/19/2024,23:50:00,0.0000"
"11/20/2024,0:00:00,0.0000"
"11/20/2024,0:10:00,0.0000"
"11/20/2024,0:20:00,0.0000"
"11/20/2024,0:30:00,0.0000"
"11/20/2024,0:40:00,0.0000"
"11/20/2024,0:50:00,0.0000"
"11/20/2024,1:00:00,0.0000"
"11/20/2024,1:10:00,0.0000"
"11/20/2024,1:20:00,0.0000"
"11/20/2024,1:30:00,0.0000"
"11/20/2024,1:40:00,0.0000"
"11/20/2024,1:50:00,0.0000"
"11/20/2024,2:00:00,0.0000"
"11/20/2024,2:10:00,0.0000"
"11/20/2024,2:20:00,0.0000"
"11/20/2024,2:30:00,0.0000"
"11/20/2024,2:40:00,0.0000"
"11/20/2024,2:50:00,0.0000"
"11/20/2024,3:00:00,0.0000"
"11/20/2024,3:10:00,0.0000"
"11/20/2024,3:20:00,0.0000"
"11/20/2024,3:30:00,0.0000"
"11/20/2024,3:40:00,0.0000"
"11/20/2024,3:50:00,0.0000"
"11/20/2024,4:00:00,0.0000"
"11/20/2024,4:10:00,0.0000"
"11/20/2024,4:20:00,0.0000"
"11/20/2024,4:30:00,0.0000"
"11/20/2024,4:40:00,0.0000"
"11/20/2024,4:50:00,0.0000"
"11/20/2024,5:00:00,0.0000"
"11/20/2024,5:10:00,0.0000"
"11/20/2024,5:20:00,0.0000"
"11/20/2024,5:30:00,0.0000"
"11/20/2024,5:40:00,0.0000"
"11/20/2024,5:50:00,0.0000"
"11/20/2024,6:00:00,0.0000"
"11/20/2024,6:10:00,0.0000"
"11/20/2024,6:20:00,0.0000"
"11/20/2024,6:30:00,0.0000"
"11/20/2024,6:40:00,0.0000"
"11/20/2024,6:50:00,0.0000"
"11/20/2024,7:00:00,0.0000"
"11/20/2024,7:10:00,0.0000"
"11/20/2024,7:20:00,24.0885"
"11/20/2024,7:30:00,70.3782"
"11/20/2024,7:40:00,116.3531"
"11/20/2024,7:50:00,161.8154"
"11/20/2024,8:00:00,206.5842"
"11/20/2024,8:10:00,250.5561"
"11/20/2024,8:20:00,293.6269"
"11/20/2024,8:30:00,335.6998"
"11/20/2024,8:40:00,376.6884"
"11/20/2024,8:50:00,416.5063"
"11/20/2024,9:00:00,455.0756"
"11/20/2024,9:10:00,492.3189"
"11/20/2024,9:20:00,528.1761"
"11/20/2024,9:30:00,562.5517"
"11/20/2024,9:40:00,595.3920"
"11/20/2024,9:50:00,626.6332"
"11/20/2024,10:00:00,656.2151"
"11/20/2024,10:10:00,684.0811"
"11/20/2024,10:20:00,710.1779"
"11/20/2024,10:30:00,734.4549"
"11/20/2024,10:40:00,756.8660"
"11/20/2024,10:50:00,777.3752"
"11/20/2024,11:00:00,795.9286"
"11/20/2024,11:10:00,812.4979"
"11/20/2024,11:20:00,827.0526"
"11/20/2024,11:30:00,839.5635"
"11/20/2024,11:40:00,850.0082"
"11/20/2024,11:50:00,858.3658"
"11/20/2024,12:00:00,864.6211"
"11/20/2024,12:10:00,868.7618"
"11/20/2024,12:20:00,870.7803"
"11/20/2024,12:30:00,870.6714"
"11/20/2024,12:40:00,868.4372"
"11/20/2024,12:50:00,864.0814"
"11/20/2024,13:00:00,857.6129"
"11/20/2024,13:10:00,849.0440"
"11/20/2024,13:20:00,838.3917"
"11/20/2024,13:30:00,825.6764"
"11/20/2024,13:40:00,810.9232"
"11/20/2024,13:50:00,794.1531"
"11/20/2024,14:00:00,775.4131"
"11/20/2024,14:10:00,754.7324"
"11/20/2024,14:20:00,732.1526"
"11/20/2024,14:30:00,707.7181"
"11/20/2024,14:40:00,681.4781"
"11/20/2024,14:50:00,653.4849"
"11/20/2024,15:00:00,623.7970"
"11/20/2024,15:10:00,592.4772"
"11/20/2024,15:20:00,559.5806"
"11/20/2024,15:30:00,525.2108"
"11/20/2024,15:40:00,489.4445"
"11/20/2024,15:50:00,452.3876"
"11/20/2024,16:00:00,414.1815"
"11/20/2024,16:10:00,375.0567"
"11/20/2024,16:20:00,335.4136"
"11/20/2024,16:30:00,296.0475"
"11/20/2024,16:40:00,0.0000"
"11/20/2024,16:50:00,0.0000"
"11/20/2024,17:00:00,0.0000"
"11/20/2024,17:10:00,0.0000"
"11/20/2024,17:20:00,0.0000"
"11/20/2024,17:30:00,0.0000"
"11/20/2024,17:40:00,0.0000"
"11/20/2024,17:50:00,0.0000"
"11/20/2024,18:00:00,0.0000"
"11/20/2024,18:10:00,0.0000"
"11/20/2024,18:20:00,0.0000"
"11/20/2024,18:30:00,0.0000"
"11/20/2024,18:40:00,0.0000"
"11/20/2024,18:50:00,0.0000"
"11/20/2024,19:00:00,0.0000"
"11/20/2024,19:10:00,0.0000"
"11/20/2024,19:20:00,0.0000"
"11/20/2024,19:30:00,0.0000"
"11/20/2024,19:40:00,0.0000"
"11/20/2024,19:50:00,0.0000"
"11/20/2024,20:00:00,0.0000"
"11/20/2024,20:10:00,0.0000"
"11/20/2024,20:20:00,0.0000"
"11/20/2024,20:30:00,0.0000"
"11/20/2024,20:40:00,0.0000"
"11/20/2024,20:50:00,0.0000"
"11/20/2024,21:00:00,0.0000"
"11/20/2024,21:10:00,0.0000"
"11/20/2024,21:20:00,0.0000"
"11/20/2024,21:30:00,0.0000"
"11/20/2024,21:40:00,0.0000"
"11/20/2024,21:50:00,0.0000"
"11/20/2024,22:00:00,0.0000"
"11/20/2024,22:10:00,0.0000"
"11/20/2024,22:20:00,0.0000"
"11/20/2024,22:30:00,0.0000"
"11/20/2024,22:40:00,0.0000"
"11/20/2024,22:50:00,0.0000"
"11/20/2024,23:00:00,0.0000"
"11/20/2024,23:10:00,0.0000"
"11/20/2024,23:20:00,0.0000"
"11/20/2024,23:30:00,0.0000"
"11/20/2024,23:40:00,0.0000"
"11/20/2024,23:50:00,0.0000"
"11/21/2024,0:00:00,0.0000"
"11/21/2024,0:10:00,0.0000"
"11/21/2024,0:20:00,0.0000"
"11/21/2024,0:30:00,0.0000"
"11/21/2024,0:40:00,0.0000"
"11/21/2024,0:50:00,0.0000"
"11/21/2024,1:00:00,0.0000"
"11/21/2024,1:10:00,0.0000"
"11/21/2024,1:20:00,0.0000"
"11/21/2024,1:30:00,0.0000"
"11/21/2024,1:40:00,0.0000"
"11/21/2024,1:50:00,0.0000"
"11/21/2024,2:00:00,0.0000"
"11/21/2024,2:10:00,0.0000"
"11/21/2024,2:20:00,0.0000"
"11/21/2024,2:30:00,0.0000"
"11/21/2024,2:40:00,0.0000"
"11/21/2024,2:50:00,0.0000"
"11/21/2024,3:00:00,0.0000"
"11/21/2024,3:10:00,0.0000"
"11/21/2024,3:20:00,0.0000"
"11/21/2024,3:30:00,0.0000"
"11/21/2024,3:40:00,0.0000"
"11/21/2024,3:50:00,0.0000"
"11/21/2024,4:00:00,0.0000"
"11/21/2024,4:10:00,0.0000"
"11/21/2024,4:20:00,0.0000"
"11/21/2024,4:30:00,0.0000"
"11/21/2024,4:40:00,0.0000"
"11/21/2024,4:50:00,0.0000"
"11/21/2024,5:00:00,0.0000"
"11/21/2024,5:10:00,0.0000"
"11/21/2024,5:20:00,0.0000"
"11/21/2024,5:30:00,0.0000"
"11/21/2024,5:40:00,0.0000"
"11/21/2024,5:50:00,0.0000"
"11/21/2024,6:00:00,0.0000"
"11/21/2024,6:10:00,0.0000"
"11/21/2024,6:20:00,0.0000"
"11/21/2024,6:30:00,0.0000"
"11/21/2024,6:40:00,0.0000"
"11/21/2024,6:50:00,0.0000"
"11/21/2024,7:00:00,0.0000"
"11/21/2024,7:10:00,0.0000"
"11/21/2024,7:20:00,20.0403"
"11/21/2024,7:30:00,66.2464"
"11/21/2024,7:40:00,112.1677"
"11/21/2024,7:50:00,157.5884"
"11/21/2024,8:00:00,202.3242"
"11/21/2024,8:10:00,246.2695"
"11/21/2024,8:20:00,289.3181"
"11/21/2024,8:30:00,331.3745"
"11/21/2024,8:40:00,372.3490"
"11/21/2024,8:50:00,412.1574"
"11/21/2024,9:00:00,450.7204"
"11/21/2024,9:10:00,487.9617"
"11/21/2024,9:20:00,523.8196"
"11/21/2024,9:30:00,558.1992"
"11/21/2024,9:40:00,591.0466"
"11/21/2024,9:50:00,622.2986"
"11/21/2024,10:00:00,651.8948"
"11/21/2024,10:10:00,679.7779"
"11/21/2024,10:20:00,705.8946"
"11/21/2024,10:30:00,730.1953"
"11/21/2024,10:40:00,752.6326"
"11/21/2024,10:50:00,773.1716"
"11/21/2024,11:00:00,791.7572"
"11/21/2024,11:10:00,808.3620"
"11/21/2024,11:20:00,822.9548"
"11/21/2024,11:30:00,835.5068"
"11/21/2024,11:40:00,845.9945"
"11/21/2024,11:50:00,854.3981"
"11/21/2024,12:00:00,860.7017"
"11/21/2024,12:10:00,864.8929"
"11/21/2024,12:20:00,866.9647"
"11/21/2024,12:30:00,866.9111"
"11/21/2024,12:40:00,864.7340"
"11/21/2024,12:50:00,860.4376"
"11/21/2024,13:00:00,854.0302"
"11/21/2024,13:10:00,845.5244"
"11/21/2024,13:20:00,834.9366"
"11/21/2024,13:30:00,822.2874"
"11/21/2024,13:40:00,807.6014"
"11/21/2024,13:50:00,790.9006"
"11/21/2024,14:00:00,772.2300"
"11/21/2024,14:10:00,751.6207"
"11/21/2024,14:20:00,729.1125"
"11/21/2024,14:30:00,704.7510"
"11/21/2024,14:40:00,678.5841"
"11/21/2024,14:50:00,650.6650"
"11/21/2024,15:00:00,621.0520"
"11/21/2024,15:10:00,589.8075"
"11/21/2024,15:20:00,556.9875"
"11/21/2024,15:30:00,522.6946"
"11/21/2024,15:40:00,487.0071"
"11/21/2024,15:50:00,450.0328"
"11/21/2024,16:00:00,411.9131"
"11/21/2024,16:10:00,372.8921"
"11/21/2024,16:20:00,333.3749"
"11/21/2024,16:30:00,294.2014"
"11/21/2024,16:40:00,0.0000"
"11/21/2024,16:50:00,0.0000"
"11/21/2024,17:00:00,0.0000"
"11/21/2024,17:10:00,0.0000"
"11/21/2024,17:20:00,0.0000"
"11/21/2024,17:30:00,0.0000"
"11/21/2024,17:40:00,0.0000"
"11/21/2024,17:50:00,0.0000"
"11/21/2024,18:00:00,0.0000"
"11/21/2024,18:10:00,0.0000"
"11/21/2024,18:20:00,0.0000"
"11/21/2024,18:30:00,0.0000"
"11/21/2024,18:40:00,0.0000"
"11/21/2024,18:50:00,0.0000"
"11/21/2024,19:00:00,0.0000"
"11/21/2024,19:10:00,0.0000"
"11/21/2024,19:20:00,0.0000"
"11/21/2024,19:30:00,0.0000"
"11/21/2024,19:40:00,0.0000"
"11/21/2024,19:50:00,0.0000"
"11/21/2024,20:00:00,0.0000"
"11/21/2024,20:10:00,0.0000"
"11/21/2024,20:20:00,0.0000"
"11/21/2024,20:30:00,0.0000"
"11/21/2024,20:40:00,0.0000"
"11/21/2024,20:50:00,0.0000"
"11/21/2024,21:00:00,0.0000"
"11/21/2024,21:10:00,0.0000"
"11/21/2024,21:20:00,0.0000"
"11/21/2024,21:30:00,0.0000"
"11/21/2024,21:40:00,0.0000"
"11/21/2024,21:50:00,0.0000"
"11/21/2024,22:00:00,0.0000"
"11/21/2024,22:10:00,0.0000"
"11/21/2024,22:20:00,0.0000"
"11/21/2024,22:30:00,0.0000"
"11/21/2024,22:40:00,0.0000"
"11/21/2024,22:50:00,0.0000"
"11/21/2024,23:00:00,0.0000"
"11/21/2024,23:10:00,0.0000"
"11/21/2024,23:20:00,0.0000"
"11/21/2024,23:30:00,0.0000"
"11/21/2024,23:40:00,0.0000"
"11/21/2024,23:50:00,0.0000"
"11/22/2024,0:00:00,0.0000"
"11/22/2024,0:10:00,0.0000"
"11/22/2024,0:20:00,0.0000"
"11/22/2024,0:30:00,0.0000"
"11/22/2024,0:40:00,0.0000"
"11/22/2024,0:50:00,0.0000"
"11/22/2024,1:00:00,0.0000"
"11/22/2024,1:10:00,0.0000"
"11/22/2024,1:20:00,0.0000"
"11/22/2024,1:30:00,0.0000"
"11/22/2024,1:40:00,0.0000"
"11/22/2024,1:50:00,0.0000"
"11/22/2024,2:00:00,0.0000"
"11/22/2024,2:10:00,0.0000"
"11/22/2024,2:20:00,0.0000"
"11/22/2024,2:30:00,0.0000"
"11/22/2024,2:40:00,0.0000"
"11/22/2024,2:50:00,0.0000"
"11/22/2024,3:00:00,0.0000"
"11/22/2024,3:10:00,0.0000"
"11/22/2024,3:20:00,0.0000"
"11/22/2024,3:30:00,0.0000"
"11/22/2024,3:40:00,0.0000"
"11/22/2024,3:50:00,0.0000"
"11/22/2024,4:00:00,0.0000"
"11/22/2024,4:10:00,0.0000"
"11/22/2024,4:20:00,0.0000"
"11/22/2024,4:30:00,0.0000"
"11/22/2024,4:40:00,0.0000"
"11/22/2024,4:50:00,0.0000"
"11/22/2024,5:00:00,0.0000"
"11/22/2024,5:10:00,0.0000"
"11/22/2024,5:20:00,0.0000"
"11/22/2024,5:30:00,0.0000"
"11/22/2024,5:40:00,0.0000"
"11/22/2024,5:50:00,0.0000"
"11/22/2024,6:00:00,0.0000"
"11/22/2024,6:10:00,0.0000"
"11/22/2024,6:20:00,0.0000"
"11/22/2024,6:30:00,0.0000"
"11/22/2024,6:40:00,0.0000"
"11/22/2024,6:50:00,0.0000"
"11/22/2024,7:00:00,0.0000"
"11/22/2024,7:10:00,0.0000"
"11/22/2024,7:20:00,16.0190"
"11/22/2024,7:30:00,62.1396"
"11/22/2024,7:40:00,108.0069"
"11/22/2024,7:50:00,153.3875"
"11/22/2024,8:00:00,198.0914"
"11/22/2024,8:10:00,242.0120"
"11/22/2024,8:20:00,285.0405"
"11/22/2024,8:30:00,327.0812"
"11/22/2024,8:40:00,368.0443"
"11/22/2024,8:50:00,407.8451"
"11/22/2024,9:00:00,446.4044"
"11/22/2024,9:10:00,483.6449"
"11/22/2024,9:20:00,519.5062"
"11/22/2024,9:30:00,553.8923"
"11/22/2024,9:40:00,586.7496"
"11/22/2024,9:50:00,618.0153"
"11/22/2024,10:00:00,647.6281"
"11/22/2024,10:10:00,675.5310"
"11/22/2024,10:20:00,701.6707"
"11/22/2024,10:30:00,725.9976"
"11/22/2024,10:40:00,748.4642"
"11/22/2024,10:50:00,769.0352"
"11/22/2024,11:00:00,787.6560"
"11/22/2024,11:10:00,804.2988"
"11/22/2024,11:20:00,818.9321"
"11/22/2024,11:30:00,831.5281"
"11/22/2024,11:40:00,842.0626"
"11/22/2024,11:50:00,850.5150"
"11/22/2024,12:00:00,856.8690"
"11/22/2024,12:10:00,861.1140"
"11/22/2024,12:20:00,863.2413"
"11/22/2024,12:30:00,863.2460"
"11/22/2024,12:40:00,861.1288"
"11/22/2024,12:50:00,856.8943"
"11/22/2024,13:00:00,850.5507"
"11/22/2024,13:10:00,842.1104"
"11/22/2024,13:20:00,831.5894"
"11/22/2024,13:30:00,819.0087"
"11/22/2024,13:40:00,804.3928"
"11/22/2024,13:50:00,787.7628"
"11/22/2024,14:00:00,769.1644"
"11/22/2024,14:10:00,748.6280"
"11/22/2024,14:20:00,726.1938"
"11/22/2024,14:30:00,701.9069"
"11/22/2024,14:40:00,675.8154"
"11/22/2024,14:50:00,647.9727"
"11/22/2024,15:00:00,618.4358"
"11/22/2024,15:10:00,587.2680"
"11/22/2024,15:20:00,554.5255"
"11/22/2024,15:30:00,520.3121"
"11/22/2024,15:40:00,484.7042"
"11/22/2024,15:50:00,447.8123"
"11/22/2024,16:00:00,409.7808"
"11/22/2024,16:10:00,370.8627"
"11/22/2024,16:20:00,331.4728"
"11/22/2024,16:30:00,292.4900"
"11/22/2024,16:40:00,0.0000"
"11/22/2024,16:50:00,0.0000"
"11/22/2024,17:00:00,0.0000"
"11/22/2024,17:10:00,0.0000"
"11/22/2024,17:20:00,0.0000"
"11/22/2024,17:30:00,0.0000"
"11/22/2024,17:40:00,0.0000"
"11/22/2024,17:50:00,0.0000"
"11/22/2024,18:00:00,0.0000"
"11/22/2024,18:10:00,0.0000"
"11/22/2024,18:20:00,0.0000"
"11/22/2024,18:30:00,0.0000"
"11/22/2024,18:40:00,0.0000"
"11/22/2024,18:50:00,0.0000"
"11/22/2024,19:00:00,0.0000"
"11/22/2024,19:10:00,0.0000"
"11/22/2024,19:20:00,0.0000"
"11/22/2024,19:30:00,0.0000"
"11/22/2024,19:40:00,0.0000"
"11/22/2024,19:50:00,0.0000"
"11/22/2024,20:00:00,0.0000"
"11/22/2024,20:10:00,0.0000"
"11/22/2024,20:20:00,0.0000"
"11/22/2024,20:30:00,0.0000"
"11/22/2024,20:40:00,0.0000"
"11/22/2024,20:50:00,0.0000"
"11/22/2024,21:00:00,0.0000"
"11/22/2024,21:10:00,0.0000"
"11/22/2024,21:20:00,0.0000"
"11/22/2024,21:30:00,0.0000"
"11/22/2024,21:40:00,0.0000"
"11/22/2024,21:50:00,0.0000"
"11/22/2024,22:00:00,0.0000"
"11/22/2024,22:10:00,0.0000"
"11/22/2024,22:20:00,0.0000"
"11/22/2024,22:30:00,0.0000"
"11/22/2024,22:40:00,0.0000"
"11/22/2024,22:50:00,0.0000"
"11/22/2024,23:00:00,0.0000"
"11/22/2024,23:10:00,0.0000"
"11/22/2024,23:20:00,0.0000"
"11/22/2024,23:30:00,0.0000"
"11/22/2024,23:40:00,0.0000"
"11/22/2024,23:50:00,0.0000"
"11/23/2024,0:00:00,0.0000"
"11/23/2024,0:10:00,0.0000"
"11/23/2024,0:20:00,0.0000"
"11/23/2024,0:30:00,0.0000"
"11/23/2024,0:40:00,0.0000"
"11/23/2024,0:50:00,0.0000"
"11/23/2024,1:00:00,0.0000"
"11/23/2024,1:10:00,0.0000"
"11/23/2024,1:20:00,0.0000"
"11/23/2024,1:30:00,0.0000"
"11/23/2024,1:40:00,0.0000"
"11/23/2024,1:50:00,0.0000"
"11/23/2024,2:00:00,0.0000"
"11/23/2024,2:10:00,0.0000"
"11/23/2024,2:20:00,0.0000"
"11/23/2024,2:30:00,0.0000"
"11/23/2024,2:40:00,0.0000"
"11/23/2024,2:50:00,0.0000"
"11/23/2024,3:00:00,0.0000"
"11/23/2024,3:10:00,0.0000"
"11/23/2024,3:20:00,0.0000"
"11/23/2024,3:30:00,0.0000"
"11/23/2024,3:40:00,0.0000"
"11/23/2024,3:50:00,0.0000"
"11/23/2024,4:00:00,0.0000"
"11/23/2024,4:10:00,0.0000"
"11/23/2024,4:20:00,0.0000"
"11/23/2024,4:30:00,0.0000"
"11/23/2024,4:40:00,0.0000"
"11/23/2024,4:50:00,0.0000"
"11/23/2024,5:00:00,0.0000"
"11/23/2024,5:10:00,0.0000"
"11/23/2024,5:20:00,0.0000"
"11/23/2024,5:30:00,0.0000"
"11/23/2024,5:40:00,0.0000"
"11/23/2024,5:50:00,0.0000"
"11/23/2024,6:00:00,0.0000"
"11/23/2024,6:10:00,0.0000"
"11/23/2024,6:20:00,0.0000"
"11/23/2024,6:30:00,0.0000"
"11/23/2024,6:40:00,0.0000"
"11/23/2024,6:50:00,0.0000"
"11/23/2024,7:00:00,0.0000"
"11/23/2024,7:10:00,0.0000"
"11/23/2024,7:20:00,12.0261"
"11/23/2024,7:30:00,58.0599"
"11/23/2024,7:40:00,103.8744"
"11/23/2024,7:50:00,149.2150"
"11/23/2024,8:00:00,193.8889"
"11/23/2024,8:10:00,237.7849"
"11/23/2024,8:20:00,280.7953"
"11/23/2024,8:30:00,322.8227"
"11/23/2024,8:40:00,363.7767"
"11/23/2024,8:50:00,403.5721"
"11/23/2024,9:00:00,442.1299"
"11/23/2024,9:10:00,479.3727"
"11/23/2024,9:20:00,515.2397"
"11/23/2024,9:30:00,549.6351"
"11/23/2024,9:40:00,582.5047"
"11/23/2024,9:50:00,613.7861"
"11/23/2024,10:00:00,643.4179"
"11/23/2024,10:10:00,671.3436"
"11/23/2024,10:20:00,697.5092"
"11/23/2024,10:30:00,721.8648"
"11/23/2024,10:40:00,744.3634"
"11/23/2024,10:50:00,764.9692"
"11/23/2024,11:00:00,783.6281"
"11/23/2024,11:10:00,800.3121"
"11/23/2024,11:20:00,814.9887"
"11/23/2024,11:30:00,827.6312"
"11/23/2024,11:40:00,838.2138"
"11/23/2024,11:50:00,846.7182"
"11/23/2024,12:00:00,853.1265"
"11/23/2024,12:10:00,857.4277"
"11/23/2024,12:20:00,859.6137"
"11/23/2024,12:30:00,859.6788"
"11/23/2024,12:40:00,857.6244"
"11/23/2024,12:50:00,853.4545"
"11/23/2024,13:00:00,847.1771"
"11/23/2024,13:10:00,838.8047"
"11/23/2024,13:20:00,828.3531"
"11/23/2024,13:30:00,815.8435"
"11/23/2024,13:40:00,801.2995"
"11/23/2024,13:50:00,784.7427"
"11/23/2024,14:00:00,766.2184"
"11/23/2024,14:10:00,745.7573"
"11/23/2024,14:20:00,723.3992"
"11/23/2024,14:30:00,699.1890"
"11/23/2024,14:40:00,673.1746"
"11/23/2024,14:50:00,645.4090"
"11/23/2024,15:00:00,615.9499"
"11/23/2024,15:10:00,584.8608"
"11/23/2024,15:20:00,552.1977"
"11/23/2024,15:30:00,518.0634"
"11/23/2024,15:40:00,482.5370"
"11/23/2024,15:50:00,445.7283"
"11/23/2024,16:00:00,407.7853"
"11/23/2024,16:10:00,368.9705"
"11/23/2024,16:20:00,329.7067"
"11/23/2024,16:30:00,290.9124"
"11/23/2024,16:40:00,0.0000"
"11/23/2024,16:50:00,0.0000"
"11/23/2024,17:00:00,0.0000"
"11/23/2024,17:10:00,0.0000"
"11/23/2024,17:20:00,0.0000"
"11/23/2024,17:30:00,0.0000"
"11/23/2024,17:40:00,0.0000"
"11/23/2024,17:50:00,0.0000"
"11/23/2024,18:00:00,0.0000"
"11/23/2024,18:10:00,0.0000"
"11/23/2024,18:20:00,0.0000"
"11/23/2024,18:30:00,0.0000"
"11/23/2024,18:40:00,0.0000"
"11/23/2024,18:50:00,0.0000"
"11/23/2024,19:00:00,0.0000"
"11/23/2024,19:10:00,0.0000"
"11/23/2024,19:20:00,0.0000"
"11/23/2024,19:30:00,0.0000"
"11/23/2024,19:40:00,0.0000"
"11/23/2024,19:50:00,0.0000"
"11/23/2024,20:00:00,0.0000"
"11/23/2024,20:10:00,0.0000"
"11/23/2024,20:20:00,0.0000"
"11/23/2024,20:30:00,0.0000"
"11/23/2024,20:40:00,0.0000"
"11/23/2024,20:50:00,0.0000"
"11/23/2024,21:00:00,0.0000"
"11/23/2024,21:10:00,0.0000"
"11/23/2024,21:20:00,0.0000"
"11/23/2024,21:30:00,0.0000"
"11/23/2024,21:40:00,0.0000"
"11/23/2024,21:50:00,0.0000"
"11/23/2024,22:00:00,0.0000"
"11/23/2024,22:10:00,0.0000"
"11/23/2024,22:20:00,0.0000"
"11/23/2024,22:30:00,0.0000"
"11/23/2024,22:40:00,0.0000"
"11/23/2024,22:50:00,0.0000"
"11/23/2024,23:00:00,0.0000"
"11/23/2024,23:10:00,0.0000"
"11/23/2024,23:20:00,0.0000"
"11/23/2024,23:30:00,0.0000"
"11/23/2024,23:40:00,0.0000"
"11/23/2024,23:50:00,0.0000"
"11/24/2024,0:00:00,0.0000"
"11/24/2024,0:10:00,0.0000"
"11/24/2024,0:20:00,0.0000"
"11/24/2024,0:30:00,0.0000"
"11/24/2024,0:40:00,0.0000"
"11/24/2024,0:50:00,0.0000"
"11/24/2024,1:00:00,0.0000"
"11/24/2024,1:10:00,0.0000"
"11/24/2024,1:20:00,0.0000"
"11/24/2024,1:30:00,0.0000"
"11/24/2024,1:40:00,0.0000"
"11/24/2024,1:50:00,0.0000"
"11/24/2024,2:00:00,0.0000"
"11/24/2024,2:10:00,0.0000"
"11/24/2024,2:20:00,0.0000"
"11/24/2024,2:30:00,0.0000"
"11/24/2024,2:40:00,0.0000"
"11/24/2024,2:50:00,0.0000"
"11/24/2024,3:00:00,0.0000"
"11/24/2024,3:10:00,0.0000"
"11/24/2024,3:20:00,0.0000"
"11/24/2024,3:30:00,0.0000"
"11/24/2024,3:40:00,0.0000"
"11/24/2024,3:50:00,0.0000"
"11/24/2024,4:00:00,0.0000"
"11/24/2024,4:10:00,0.0000"
"11/24/2024,4:20:00,0.0000"
"11/24/2024,4:30:00,0.0000"
"11/24/2024,4:40:00,0.0000"
"11/24/2024,4:50:00,0.0000"
"11/24/2024,5:00:00,0.0000"
"11/24/2024,5:10:00,0.0000"
"11/24/2024,5:20:00,0.0000"
"11/24/2024,5:30:00,0.0000"
"11/24/2024,5:40:00,0.0000"
"11/24/2024,5:50:00,0.0000"
"11/24/2024,6:00:00,0.0000"
"11/24/2024,6:10:00,0.0000"
"11/24/2024,6:20:00,0.0000"
"11/24/2024,6:30:00,0.0000"
"11/24/2024,6:40:00,0.0000"
"11/24/2024,6:50:00,0.0000"
"11/24/2024,7:00:00,0.0000"
"11/24/2024,7:10:00,0.0000"
"11/24/2024,7:20:00,8.0660"
"11/24/2024,7:30:00,54.0013"
"11/24/2024,7:40:00,99.7719"
"11/24/2024,7:50:00,145.0742"
"11/24/2024,8:00:00,189.7188"
"11/24/2024,8:10:00,233.5933"
"11/24/2024,8:20:00,276.5868"
"11/24/2024,8:30:00,318.6025"
"11/24/2024,8:40:00,359.5494"
"11/24/2024,8:50:00,399.3426"
"11/24/2024,9:00:00,437.9006"
"11/24/2024,9:10:00,475.1474"
"11/24/2024,9:20:00,511.0224"
"11/24/2024,9:30:00,545.4294"
"11/24/2024,9:40:00,578.3146"
"11/24/2024,9:50:00,609.6138"
"11/24/2024,10:00:00,639.2674"
"11/24/2024,10:10:00,667.2186"
"11/24/2024,10:20:00,693.4127"
"11/24/2024,10:30:00,717.7999"
"11/24/2024,10:40:00,740.3334"
"11/24/2024,10:50:00,760.9770"
"11/24/2024,11:00:00,779.6766"
"11/24/2024,11:10:00,796.4038"
"11/24/2024,11:20:00,811.1272"
"11/24/2024,11:30:00,823.8184"
"11/24/2024,11:40:00,834.4532"
"11/24/2024,11:50:00,843.0120"
"11/24/2024,12:00:00,849.4767"
"11/24/2024,12:10:00,853.8370"
"11/24/2024,12:20:00,856.0840"
"11/24/2024,12:30:00,856.2126"
"11/24/2024,12:40:00,854.2233"
"11/24/2024,12:50:00,850.1204"
"11/24/2024,13:00:00,843.9118"
"11/24/2024,13:10:00,835.6099"
"11/24/2024,13:20:00,825.2301"
"11/24/2024,13:30:00,812.7934"
"11/24/2024,13:40:00,798.3237"
"11/24/2024,13:50:00,781.8428"
"11/24/2024,14:00:00,763.3945"
"11/24/2024,14:10:00,743.0108"
"11/24/2024,14:20:00,720.7302"
"11/24/2024,14:30:00,696.5980"
"11/24/2024,14:40:00,670.6625"
"11/24/2024,14:50:00,642.9761"
"11/24/2024,15:00:00,613.5966"
"11/24/2024,15:10:00,582.5872"
"11/24/2024,15:20:00,550.0041"
"11/24/2024,15:30:00,515.9512"
"11/24/2024,15:40:00,480.5063"
"11/24/2024,15:50:00,443.7822"
"11/24/2024,16:00:00,405.9179"
"11/24/2024,16:10:00,367.2157"
"11/24/2024,16:20:00,328.0776"
"11/24/2024,16:30:00,289.4680"
"11/24/2024,16:40:00,0.0000"
"11/24/2024,16:50:00,0.0000"
"11/24/2024,17:00:00,0.0000"
"11/24/2024,17:10:00,0.0000"
"11/24/2024,17:20:00,0.0000"
"11/24/2024,17:30:00,0.0000"
"11/24/2024,17:40:00,0.0000"
"11/24/2024,17:50:00,0.0000"
"11/24/2024,18:00:00,0.0000"
"11/24/2024,18:10:00,0.0000"
"11/24/2024,18:20:00,0.0000"
"11/24/2024,18:30:00,0.0000"
"11/24/2024,18:40:00,0.0000"
"11/24/2024,18:50:00,0.0000"
"11/24/2024,19:00:00,0.0000"
"11/24/2024,19:10:00,0.0000"
"11/24/2024,19:20:00,0.0000"
"11/24/2024,19:30:00,0.0000"
"11/24/2024,19:40:00,0.0000"
"11/24/2024,19:50:00,0.0000"
"11/24/2024,20:00:00,0.0000"
"11/24/2024,20:10:00,0.0000"
"11/24/2024,20:20:00,0.0000"
"11/24/2024,20:30:00,0.0000"
"11/24/2024,20:40:00,0.0000"
"11/24/2024,20:50:00,0.0000"
"11/24/2024,21:00:00,0.0000"
"11/24/2024,21:10:00,0.0000"
"11/24/2024,21:20:00,0.0000"
"11/24/2024,21:30:00,0.0000"
"11/24/2024,21:40:00,0.0000"
"11/24/2024,21:50:00,0.0000"
"11/24/2024,22:00:00,0.0000"
"11/24/2024,22:10:00,0.0000"
"11/24/2024,22:20:00,0.0000"
"11/24/2024,22:30:00,0.0000"
"11/24/2024,22:40:00,0.0000"
"11/24/2024,22:50:00,0.0000"
"11/24/2024,23:00:00,0.0000"
"11/24/2024,23:10:00,0.0000"
"11/24/2024,23:20:00,0.0000"
"11/24/2024,23:30:00,0.0000"
"11/24/2024,23:40:00,0.0000"
"11/24/2024,23:50:00,0.0000"
"11/25/2024,0:00:00,0.0000"
"11/25/2024,0:10:00,0.0000"
"11/25/2024,0:20:00,0.0000"
"11/25/2024,0:30:00,0.0000"
"11/25/2024,0:40:00,0.0000"
"11/25/2024,0:50:00,0.0000"
"11/25/2024,1:00:00,0.0000"
"11/25/2024,1:10:00,0.0000"
"11/25/2024,1:20:00,0.0000"
"11/25/2024,1:30:00,0.0000"
"11/25/2024,1:40:00,0.0000"
"11/25/2024,1:50:00,0.0000"
"11/25/2024,2:00:00,0.0000"
"11/25/2024,2:10:00,0.0000"
"11/25/2024,2:20:00,0.0000"
"11/25/2024,2:30:00,0.0000"
"11/25/2024,2:40:00,0.0000"
"11/25/2024,2:50:00,0.0000"
"11/25/2024,3:00:00,0.0000"
"11/25/2024,3:10:00,0.0000"
"11/25/2024,3:20:00,0.0000"
"11/25/2024,3:30:00,0.0000"
"11/25/2024,3:40:00,0.0000"
"11/25/2024,3:50:00,0.0000"
"11/25/2024,4:00:00,0.0000"
"11/25/2024,4:10:00,0.0000"
"11/25/2024,4:20:00,0.0000"
"11/25/2024,4:30:00,0.0000"
"11/25/2024,4:40:00,0.0000"
"11/25/2024,4:50:00,0.0000"
"11/25/2024,5:00:00,0.0000"
"11/25/2024,5:10:00,0.0000"
"11/25/2024,5:20:00,0.0000"
"11/25/2024,5:30:00,0.0000"
"11/25/2024,5:40:00,0.0000"
"11/25/2024,5:50:00,0.0000"
"11/25/2024,6:00:00,0.0000"
"11/25/2024,6:10:00,0.0000"
"11/25/2024,6:20:00,0.0000"
"11/25/2024,6:30:00,0.0000"
"11/25/2024,6:40:00,0.0000"
"11/25/2024,6:50:00,0.0000"
"11/25/2024,7:00:00,0.0000"
"11/25/2024,7:10:00,0.0000"
"11/25/2024,7:20:00,4.1399"
"11/25/2024,7:30:00,49.9871"
"11/25/2024,7:40:00,95.7024"
"11/25/2024,7:50:00,140.9672"
"11/25/2024,8:00:00,185.5842"
"11/25/2024,8:10:00,229.4386"
"11/25/2024,8:20:00,272.4180"
"11/25/2024,8:30:00,314.4240"
"11/25/2024,8:40:00,355.3660"
"11/25/2024,8:50:00,395.1576"
"11/25/2024,9:00:00,433.7190"
"11/25/2024,9:10:00,470.9724"
"11/25/2024,9:20:00,506.8582"
"11/25/2024,9:30:00,541.2794"
"11/25/2024,9:40:00,574.1821"
"11/25/2024,9:50:00,605.5023"
"11/25/2024,10:00:00,635.1808"
"11/25/2024,10:10:00,663.1595"
"11/25/2024,10:20:00,689.3844"
"11/25/2024,10:30:00,713.8060"
"11/25/2024,10:40:00,736.3770"
"11/25/2024,10:50:00,757.0612"
"11/25/2024,11:00:00,775.8043"
"11/25/2024,11:10:00,792.5780"
"11/25/2024,11:20:00,807.3505"
"11/25/2024,11:30:00,820.0936"
"11/25/2024,11:40:00,830.7828"
"11/25/2024,11:50:00,839.3986"
"11/25/2024,12:00:00,845.9228"
"11/25/2024,12:10:00,850.3446"
"11/25/2024,12:20:00,852.6555"
"11/25/2024,12:30:00,852.8497"
"11/25/2024,12:40:00,850.9283"
"11/25/2024,12:50:00,846.8949"
"11/25/2024,13:00:00,840.7576"
"11/25/2024,13:10:00,832.5282"
"11/25/2024,13:20:00,822.2225"
"11/25/2024,13:30:00,809.8612"
"11/25/2024,13:40:00,795.4681"
"11/25/2024,13:50:00,779.0642"
"11/25/2024,14:00:00,760.6949"
"11/25/2024,14:10:00,740.3896"
"11/25/2024,14:20:00,718.1889"
"11/25/2024,14:30:00,694.1367"
"11/25/2024,14:40:00,668.2817"
"11/25/2024,14:50:00,640.6757"
"11/25/2024,15:00:00,611.3773"
"11/25/2024,15:10:00,580.4487"
"11/25/2024,15:20:00,547.9468"
"11/25/2024,15:30:00,513.9753"
"11/25/2024,15:40:00,478.6133"
"11/25/2024,15:50:00,441.9738"
"11/25/2024,16:00:00,404.1996"
"11/25/2024,16:10:00,365.5988"
"11/25/2024,16:20:00,326.5854"
"11/25/2024,16:30:00,288.1552"
"11/25/2024,16:40:00,0.0000"
"11/25/2024,16:50:00,0.0000"
"11/25/2024,17:00:00,0.0000"
"11/25/2024,17:10:00,0.0000"
"11/25/2024,17:20:00,0.0000"
"11/25/2024,17:30:00,0.0000"
"11/25/2024,17:40:00,0.0000"
"11/25/2024,17:50:00,0.0000"
"11/25/2024,18:00:00,0.0000"
"11/25/2024,18:10:00,0.0000"
"11/25/2024,18:20:00,0.0000"
"11/25/2024,18:30:00,0.0000"
"11/25/2024,18:40:00,0.0000"
"11/25/2024,18:50:00,0.0000"
"11/25/2024,19:00:00,0.0000"
"11/25/2024,19:10:00,0.0000"
"11/25/2024,19:20:00,0.0000"
"11/25/2024,19:30:00,0.0000"
"11/25/2024,19:40:00,0.0000"
"11/25/2024,19:50:00,0.0000"
"11/25/2024,20:00:00,0.0000"
"11/25/2024,20:10:00,0.0000"
"11/25/2024,20:20:00,0.0000"
"11/25/2024,20:30:00,0.0000"
"11/25/2024,20:40:00,0.0000"
"11/25/2024,20:50:00,0.0000"
"11/25/2024,21:00:00,0.0000"
"11/25/2024,21:10:00,0.0000"
"11/25/2024,21:20:00,0.0000"
"11/25/2024,21:30:00,0.0000"
"11/25/2024,21:40:00,0.0000"
"11/25/2024,21:50:00,0.0000"
"11/25/2024,22:00:00,0.0000"
"11/25/2024,22:10:00,0.0000"
"11/25/2024,22:20:00,0.0000"
"11/25/2024,22:30:00,0.0000"
"11/25/2024,22:40:00,0.0000"
"11/25/2024,22:50:00,0.0000"
"11/25/2024,23:00:00,0.0000"
"11/25/2024,23:10:00,0.0000"
"11/25/2024,23:20:00,0.0000"
"11/25/2024,23:30:00,0.0000"
"11/25/2024,23:40:00,0.0000"
"11/25/2024,23:50:00,0.0000"
"11/26/2024,0:00:00,0.0000"
"11/26/2024,0:10:00,0.0000"
"11/26/2024,0:20:00,0.0000"
"11/26/2024,0:30:00,0.0000"
"11/26/2024,0:40:00,0.0000"
"11/26/2024,0:50:00,0.0000"
"11/26/2024,1:00:00,0.0000"
"11/26/2024,1:10:00,0.0000"
"11/26/2024,1:20:00,0.0000"
"11/26/2024,1:30:00,0.0000"
"11/26/2024,1:40:00,0.0000"
"11/26/2024,1:50:00,0.0000"
"11/26/2024,2:00:00,0.0000"
"11/26/2024,2:10:00,0.0000"
"11/26/2024,2:20:00,0.0000"
"11/26/2024,2:30:00,0.0000"
"11/26/2024,2:40:00,0.0000"
"11/26/2024,2:50:00,0.0000"
"11/26/2024,3:00:00,0.0000"
"11/26/2024,3:10:00,0.0000"
"11/26/2024,3:20:00,0.0000"
"11/26/2024,3:30:00,0.0000"
"11/26/2024,3:40:00,0.0000"
"11/26/2024,3:50:00,0.0000"
"11/26/2024,4:00:00,0.0000"
"11/26/2024,4:10:00,0.0000"
"11/26/2024,4:20:00,0.0000"
"11/26/2024,4:30:00,0.0000"
"11/26/2024,4:40:00,0.0000"
"11/26/2024,4:50:00,0.0000"
"11/26/2024,5:00:00,0.0000"
"11/26/2024,5:10:00,0.0000"
"11/26/2024,5:20:00,0.0000"
"11/26/2024,5:30:00,0.0000"
"11/26/2024,5:40:00,0.0000"
"11/26/2024,5:50:00,0.0000"
"11/26/2024,6:00:00,0.0000"
"11/26/2024,6:10:00,0.0000"
"11/26/2024,6:20:00,0.0000"
"11/26/2024,6:30:00,0.0000"
"11/26/2024,6:40:00,0.0000"
"11/26/2024,6:50:00,0.0000"
"11/26/2024,7:00:00,0.0000"
"11/26/2024,7:10:00,0.0000"
"11/26/2024,7:20:00,0.2514"
"11/26/2024,7:30:00,46.0101"
"11/26/2024,7:40:00,91.6684"
"11/26/2024,7:50:00,136.8968"
"11/26/2024,8:00:00,181.4884"
"11/26/2024,8:10:00,225.3243"
"11/26/2024,8:20:00,268.2908"
"11/26/2024,8:30:00,310.2893"
"11/26/2024,8:40:00,351.2281"
"11/26/2024,8:50:00,391.0216"
"11/26/2024,9:00:00,429.5883"
"11/26/2024,9:10:00,466.8515"
"11/26/2024,9:20:00,502.7498"
"11/26/2024,9:30:00,537.1871"
"11/26/2024,9:40:00,570.1102"
"11/26/2024,9:50:00,601.4540"
"11/26/2024,10:00:00,631.1600"
"11/26/2024,10:10:00,659.1688"
"11/26/2024,10:20:00,685.4280"
"11/26/2024,10:30:00,709.8867"
"11/26/2024,10:40:00,732.4977"
"11/26/2024,10:50:00,753.2249"
"11/26/2024,11:00:00,772.0142"
"11/26/2024,11:10:00,788.8372"
"11/26/2024,11:20:00,803.6617"
"11/26/2024,11:30:00,816.4592"
"11/26/2024,11:40:00,827.2059"
"11/26/2024,11:50:00,835.8806"
"11/26/2024,12:00:00,842.4672"
"11/26/2024,12:10:00,846.9533"
"11/26/2024,12:20:00,849.3306"
"11/26/2024,12:30:00,849.5932"
"11/26/2024,12:40:00,847.7419"
"11/26/2024,12:50:00,843.7805"
"11/26/2024,13:00:00,837.7167"
"11/26/2024,13:10:00,829.5623"
"11/26/2024,13:20:00,819.3331"
"11/26/2024,13:30:00,807.0493"
"11/26/2024,13:40:00,792.7345"
"11/26/2024,13:50:00,776.4102"
"11/26/2024,14:00:00,758.1209"
"11/26/2024,14:10:00,737.8964"
"11/26/2024,14:20:00,715.7769"
"11/26/2024,14:30:00,691.8064"
"11/26/2024,14:40:00,666.0333"
"11/26/2024,14:50:00,638.5092"
"11/26/2024,15:00:00,609.2930"
"11/26/2024,15:10:00,578.4468"
"11/26/2024,15:20:00,546.0266"
"11/26/2024,15:30:00,512.1378"
"11/26/2024,15:40:00,476.8594"
"11/26/2024,15:50:00,440.3048"
"11/26/2024,16:00:00,402.6204"
"11/26/2024,16:10:00,364.1204"
"11/26/2024,16:20:00,325.2291"
"11/26/2024,16:30:00,286.9738"
"11/26/2024,16:40:00,0.0000"
"11/26/2024,16:50:00,0.0000"
"11/26/2024,17:00:00,0.0000"
"11/26/2024,17:10:00,0.0000"
"11/26/2024,17:20:00,0.0000"
"11/26/2024,17:30:00,0.0000"
"11/26/2024,17:40:00,0.0000"
"11/26/2024,17:50:00,0.0000"
"11/26/2024,18:00:00,0.0000"
"11/26/2024,18:10:00,0.0000"
"11/26/2024,18:20:00,0.0000"
"11/26/2024,18:30:00,0.0000"
"11/26/2024,18:40:00,0.0000"
"11/26/2024,18:50:00,0.0000"
"11/26/2024,19:00:00,0.0000"
"11/26/2024,19:10:00,0.0000"
"11/26/2024,19:20:00,0.0000"
"11/26/2024,19:30:00,0.0000"
"11/26/2024,19:40:00,0.0000"
"11/26/2024,19:50:00,0.0000"
"11/26/2024,20:00:00,0.0000"
"11/26/2024,20:10:00,0.0000"
"11/26/2024,20:20:00,0.0000"
"11/26/2024,20:30:00,0.0000"
"11/26/2024,20:40:00,0.0000"
"11/26/2024,20:50:00,0.0000"
"11/26/2024,21:00:00,0.0000"
"11/26/2024,21:10:00,0.0000"
"11/26/2024,21:20:00,0.0000"
"11/26/2024,21:30:00,0.0000"
"11/26/2024,21:40:00,0.0000"
"11/26/2024,21:50:00,0.0000"
"11/26/2024,22:00:00,0.0000"
"11/26/2024,22:10:00,0.0000"
"11/26/2024,22:20:00,0.0000"
"11/26/2024,22:30:00,0.0000"
"11/26/2024,22:40:00,0.0000"
"11/26/2024,22:50:00,0.0000"
"11/26/2024,23:00:00,0.0000"
"11/26/2024,23:10:00,0.0000"
"11/26/2024,23:20:00,0.0000"
"11/26/2024,23:30:00,0.0000"
"11/26/2024,23:40:00,0.0000"
"11/26/2024,23:50:00,0.0000"
"11/27/2024,0:00:00,0.0000"
"11/27/2024,0:10:00,0.0000"
"11/27/2024,0:20:00,0.0000"
"11/27/2024,0:30:00,0.0000"
"11/27/2024,0:40:00,0.0000"
"11/27/2024,0:50:00,0.0000"
"11/27/2024,1:00:00,0.0000"
"11/27/2024,1:10:00,0.0000"
"11/27/2024,1:20:00,0.0000"
"11/27/2024,1:30:00,0.0000"
"11/27/2024,1:40:00,0.0000"
"11/27/2024,1:50:00,0.0000"
"11/27/2024,2:00:00,0.0000"
"11/27/2024,2:10:00,0.0000"
"11/27/2024,2:20:00,0.0000"
"11/27/2024,2:30:00,0.0000"
"11/27/2024,2:40:00,0.0000"
"11/27/2024,2:50:00,0.0000"
"11/27/2024,3:00:00,0.0000"
"11/27/2024,3:10:00,0.0000"
"11/27/2024,3:20:00,0.0000"
"11/27/2024,3:30:00,0.0000"
"11/27/2024,3:40:00,0.0000"
"11/27/2024,3:50:00,0.0000"
"11/27/2024,4:00:00,0.0000"
"11/27/2024,4:10:00,0.0000"
"11/27/2024,4:20:00,0.0000"
"11/27/2024,4:30:00,0.0000"
"11/27/2024,4:40:00,0.0000"
"11/27/2024,4:50:00,0.0000"
"11/27/2024,5:00:00,0.0000"
"11/27/2024,5:10:00,0.0000"
"11/27/2024,5:20:00,0.0000"
"11/27/2024,5:30:00,0.0000"
"11/27/2024,5:40:00,0.0000"
"11/27/2024,5:50:00,0.0000"
"11/27/2024,6:00:00,0.0000"
"11/27/2024,6:10:00,0.0000"
"11/27/2024,6:20:00,0.0000"
"11/27/2024,6:30:00,0.0000"
"11/27/2024,6:40:00,0.0000"
"11/27/2024,6:50:00,0.0000"
"11/27/2024,7:00:00,0.0000"
"11/27/2024,7:10:00,0.0000"
"11/27/2024,7:20:00,0.0000"
"11/27/2024,7:30:00,42.0725"
"11/27/2024,7:40:00,87.6730"
"11/27/2024,7:50:00,132.8658"
"11/27/2024,8:00:00,177.4328"
"11/27/2024,8:10:00,221.2521"
"11/27/2024,8:20:00,264.2086"
"11/27/2024,8:30:00,306.2023"
"11/27/2024,8:40:00,347.1406"
"11/27/2024,8:50:00,386.9367"
"11/27/2024,9:00:00,425.5111"
"11/27/2024,9:10:00,462.7857"
"11/27/2024,9:20:00,498.7000"
"11/27/2024,9:30:00,533.1569"
"11/27/2024,9:40:00,566.1024"
"11/27/2024,9:50:00,597.4727"
"11/27/2024,10:00:00,627.2079"
"11/27/2024,10:10:00,655.2505"
"11/27/2024,10:20:00,681.5461"
"11/27/2024,10:30:00,706.0443"
"11/27/2024,10:40:00,728.6982"
"11/27/2024,10:50:00,749.4716"
"11/27/2024,11:00:00,768.3097"
"11/27/2024,11:10:00,785.1843"
"11/27/2024,11:20:00,800.0637"
"11/27/2024,11:30:00,812.9183"
"11/27/2024,11:40:00,823.7249"
"11/27/2024,11:50:00,832.4616"
"11/27/2024,12:00:00,839.1129"
"11/27/2024,12:10:00,843.6657"
"11/27/2024,12:20:00,846.1118"
"11/27/2024,12:30:00,846.4453"
"11/27/2024,12:40:00,844.6667"
"11/27/2024,12:50:00,840.7795"
"11/27/2024,13:00:00,834.7916"
"11/27/2024,13:10:00,826.7142"
"11/27/2024,13:20:00,816.5635"
"11/27/2024,13:30:00,804.3593"
"11/27/2024,13:40:00,790.1251"
"11/27/2024,13:50:00,773.8818"
"11/27/2024,14:00:00,755.6746"
"11/27/2024,14:10:00,735.5327"
"11/27/2024,14:20:00,713.4961"
"11/27/2024,14:30:00,689.6086"
"11/27/2024,14:40:00,663.9186"
"11/27/2024,14:50:00,636.4782"
"11/27/2024,15:00:00,607.3452"
"11/27/2024,15:10:00,576.5822"
"11/27/2024,15:20:00,544.2454"
"11/27/2024,15:30:00,510.4396"
"11/27/2024,15:40:00,475.2448"
"11/27/2024,15:50:00,438.7758"
"11/27/2024,16:00:00,401.1816"
"11/27/2024,16:10:00,362.7809"
"11/27/2024,16:20:00,324.0093"
"11/27/2024,16:30:00,285.9231"
"11/27/2024,16:40:00,0.0000"
"11/27/2024,16:50:00,0.0000"
"11/27/2024,17:00:00,0.0000"
"11/27/2024,17:10:00,0.0000"
"11/27/2024,17:20:00,0.0000"
"11/27/2024,17:30:00,0.0000"
"11/27/2024,17:40:00,0.0000"
"11/27/2024,17:50:00,0.0000"
"11/27/2024,18:00:00,0.0000"
"11/27/2024,18:10:00,0.0000"
"11/27/2024,18:20:00,0.0000"
"11/27/2024,18:30:00,0.0000"
"11/27/2024,18:40:00,0.0000"
"11/27/2024,18:50:00,0.0000"
"11/27/2024,19:00:00,0.0000"
"11/27/2024,19:10:00,0.0000"
"11/27/2024,19:20:00,0.0000"
"11/27/2024,19:30:00,0.0000"
"11/27/2024,19:40:00,0.0000"
"11/27/2024,19:50:00,0.0000"
"11/27/2024,20:00:00,0.0000"
"11/27/2024,20:10:00,0.0000"
"11/27/2024,20:20:00,0.0000"
"11/27/2024,20:30:00,0.0000"
"11/27/2024,20:40:00,0.0000"
"11/27/2024,20:50:00,0.0000"
"11/27/2024,21:00:00,0.0000"
"11/27/2024,21:10:00,0.0000"
"11/27/2024,21:20:00,0.0000"
"11/27/2024,21:30:00,0.0000"
"11/27/2024,21:40:00,0.0000"
"11/27/2024,21:50:00,0.0000"
"11/27/2024,22:00:00,0.0000"
"11/27/2024,22:10:00,0.0000"
"11/27/2024,22:20:00,0.0000"
"11/27/2024,22:30:00,0.0000"
"11/27/2024,22:40:00,0.0000"
"11/27/2024,22:50:00,0.0000"
"11/27/2024,23:00:00,0.0000"
"11/27/2024,23:10:00,0.0000"
"11/27/2024,23:20:00,0.0000"
"11/27/2024,23:30:00,0.0000"
"11/27/2024,23:40:00,0.0000"
"11/27/2024,23:50:00,0.0000"
"11/28/2024,0:00:00,0.0000"
"11/28/2024,0:10:00,0.0000"
"11/28/2024,0:20:00,0.0000"
"11/28/2024,0:30:00,0.0000"
"11/28/2024,0:40:00,0.0000"
"11/28/2024,0:50:00,0.0000"
"11/28/2024,1:00:00,0.0000"
"11/28/2024,1:10:00,0.0000"
"11/28/2024,1:20:00,0.0000"
"11/28/2024,1:30:00,0.0000"
"11/28/2024,1:40:00,0.0000"
"11/28/2024,1:50:00,0.0000"
"11/28/2024,2:00:00,0.0000"
"11/28/2024,2:10:00,0.0000"
"11/28/2024,2:20:00,0.0000"
"11/28/2024,2:30:00,0.0000"
"11/28/2024,2:40:00,0.0000"
"11/28/2024,2:50:00,0.0000"
"11/28/2024,3:00:00,0.0000"
"11/28/2024,3:10:00,0.0000"
"11/28/2024,3:20:00,0.0000"
"11/28/2024,3:30:00,0.0000"
"11/28/2024,3:40:00,0.0000"
"11/28/2024,3:50:00,0.0000"
"11/28/2024,4:00:00,0.0000"
"11/28/2024,4:10:00,0.0000"
"11/28/2024,4:20:00,0.0000"
"11/28/2024,4:30:00,0.0000"
"11/28/2024,4:40:00,0.0000"
"11/28/2024,4:50:00,0.0000"
"11/28/2024,5:00:00,0.0000"
"11/28/2024,5:10:00,0.0000"
"11/28/2024,5:20:00,0.0000"
"11/28/2024,5:30:00,0.0000"
"11/28/2024,5:40:00,0.0000"
"11/28/2024,5:50:00,0.0000"
"11/28/2024,6:00:00,0.0000"
"11/28/2024,6:10:00,0.0000"
"11/28/2024,6:20:00,0.0000"
"11/28/2024,6:30:00,0.0000"
"11/28/2024,6:40:00,0.0000"
"11/28/2024,6:50:00,0.0000"
"11/28/2024,7:00:00,0.0000"
"11/28/2024,7:10:00,0.0000"
"11/28/2024,7:20:00,0.0000"
"11/28/2024,7:30:00,38.1781"
"11/28/2024,7:40:00,83.7194"
"11/28/2024,7:50:00,128.8778"
"11/28/2024,8:00:00,173.4220"
"11/28/2024,8:10:00,217.2265"
"11/28/2024,8:20:00,260.1747"
"11/28/2024,8:30:00,302.1650"
"11/28/2024,8:40:00,343.1047"
"11/28/2024,8:50:00,382.9071"
"11/28/2024,9:00:00,421.4913"
"11/28/2024,9:10:00,458.7800"
"11/28/2024,9:20:00,494.7120"
"11/28/2024,9:30:00,529.1906"
"11/28/2024,9:40:00,562.1613"
"11/28/2024,9:50:00,593.5614"
"11/28/2024,10:00:00,623.3284"
"11/28/2024,10:10:00,651.4064"
"11/28/2024,10:20:00,677.7411"
"11/28/2024,10:30:00,702.2818"
"11/28/2024,10:40:00,724.9816"
"11/28/2024,10:50:00,745.8038"
"11/28/2024,11:00:00,764.6935"
"11/28/2024,11:10:00,781.6226"
"11/28/2024,11:20:00,796.5589"
"11/28/2024,11:30:00,809.4733"
"11/28/2024,11:40:00,820.3422"
"11/28/2024,11:50:00,829.1442"
"11/28/2024,12:00:00,835.8624"
"11/28/2024,12:10:00,840.4844"
"11/28/2024,12:20:00,843.0020"
"11/28/2024,12:30:00,843.4086"
"11/28/2024,12:40:00,841.7049"
"11/28/2024,12:50:00,837.8943"
"11/28/2024,13:00:00,831.9842"
"11/28/2024,13:10:00,823.9864"
"11/28/2024,13:20:00,813.9163"
"11/28/2024,13:30:00,801.7933"
"11/28/2024,13:40:00,787.6415"
"11/28/2024,13:50:00,771.4816"
"11/28/2024,14:00:00,753.3580"
"11/28/2024,14:10:00,733.3005"
"11/28/2024,14:20:00,711.3480"
"11/28/2024,14:30:00,687.5453"
"11/28/2024,14:40:00,661.9398"
"11/28/2024,14:50:00,634.5839"
"11/28/2024,15:00:00,605.5349"
"11/28/2024,15:10:00,574.8563"
"11/28/2024,15:20:00,542.6039"
"11/28/2024,15:30:00,508.8821"
"11/28/2024,15:40:00,473.7715"
"11/28/2024,15:50:00,437.3878"
"11/28/2024,16:00:00,399.8827"
"11/28/2024,16:10:00,361.5800"
"11/28/2024,16:20:00,322.9262"
"11/28/2024,16:30:00,285.0008"
"11/28/2024,16:40:00,0.0000"
"11/28/2024,16:50:00,0.0000"
"11/28/2024,17:00:00,0.0000"
"11/28/2024,17:10:00,0.0000"
"11/28/2024,17:20:00,0.0000"
"11/28/2024,17:30:00,0.0000"
"11/28/2024,17:40:00,0.0000"
"11/28/2024,17:50:00,0.0000"
"11/28/2024,18:00:00,0.0000"
"11/28/2024,18:10:00,0.0000"
"11/28/2024,18:20:00,0.0000"
"11/28/2024,18:30:00,0.0000"
"11/28/2024,18:40:00,0.0000"
"11/28/2024,18:50:00,0.0000"
"11/28/2024,19:00:00,0.0000"
"11/28/2024,19:10:00,0.0000"
"11/28/2024,19:20:00,0.0000"
"11/28/2024,19:30:00,0.0000"
"11/28/2024,19:40:00,0.0000"
"11/28/2024,19:50:00,0.0000"
"11/28/2024,20:00:00,0.0000"
"11/28/2024,20:10:00,0.0000"
"11/28/2024,20:20:00,0.0000"
"11/28/2024,20:30:00,0.0000"
"11/28/2024,20:40:00,0.0000"
"11/28/2024,20:50:00,0.0000"
"11/28/2024,21:00:00,0.0000"
"11/28/2024,21:10:00,0.0000"
"11/28/2024,21:20:00,0.0000"
"11/28/2024,21:30:00,0.0000"
"11/28/2024,21:40:00,0.0000"
"11/28/2024,21:50:00,0.0000"
"11/28/2024,22:00:00,0.0000"
"11/28/2024,22:10:00,0.0000"
"11/28/2024,22:20:00,0.0000"
"11/28/2024,22:30:00,0.0000"
"11/28/2024,22:40:00,0.0000"
"11/28/2024,22:50:00,0.0000"
"11/28/2024,23:00:00,0.0000"
"11/28/2024,23:10:00,0.0000"
"11/28/2024,23:20:00,0.0000"
"11/28/2024,23:30:00,0.0000"
"11/28/2024,23:40:00,0.0000"
"11/28/2024,23:50:00,0.0000"
"11/29/2024,0:00:00,0.0000"
"11/29/2024,0:10:00,0.0000"
"11/29/2024,0:20:00,0.0000"
"11/29/2024,0:30:00,0.0000"
"11/29/2024,0:40:00,0.0000"
"11/29/2024,0:50:00,0.0000"
"11/29/2024,1:00:00,0.0000"
"11/29/2024,1:10:00,0.0000"
"11/29/2024,1:20:00,0.0000"
"11/29/2024,1:30:00,0.0000"
"11/29/2024,1:40:00,0.0000"
"11/29/2024,1:50:00,0.0000"
"11/29/2024,2:00:00,0.0000"
"11/29/2024,2:10:00,0.0000"
"11/29/2024,2:20:00,0.0000"
"11/29/2024,2:30:00,0.0000"
"11/29/2024,2:40:00,0.0000"
"11/29/2024,2:50:00,0.0000"
"11/29/2024,3:00:00,0.0000"
"11/29/2024,3:10:00,0.0000"
"11/29/2024,3:20:00,0.0000"
"11/29/2024,3:30:00,0.0000"
"11/29/2024,3:40:00,0.0000"
"11/29/2024,3:50:00,0.0000"
"11/29/2024,4:00:00,0.0000"
"11/29/2024,4:10:00,0.0000"
"11/29/2024,4:20:00,0.0000"
"11/29/2024,4:30:00,0.0000"
"11/29/2024,4:40:00,0.0000"
"11/29/2024,4:50:00,0.0000"
"11/29/2024,5:00:00,0.0000"
"11/29/2024,5:10:00,0.0000"
"11/29/2024,5:20:00,0.0000"
"11/29/2024,5:30:00,0.0000"
"11/29/2024,5:40:00,0.0000"
"11/29/2024,5:50:00,0.0000"
"11/29/2024,6:00:00,0.0000"
"11/29/2024,6:10:00,0.0000"
"11/29/2024,6:20:00,0.0000"
"11/29/2024,6:30:00,0.0000"
"11/29/2024,6:40:00,0.0000"
"11/29/2024,6:50:00,0.0000"
"11/29/2024,7:00:00,0.0000"
"11/29/2024,7:10:00,0.0000"
"11/29/2024,7:20:00,0.0000"
"11/29/2024,7:30:00,34.3276"
"11/29/2024,7:40:00,79.8098"
"11/29/2024,7:50:00,124.9354"
"11/29/2024,8:00:00,169.4579"
"11/29/2024,8:10:00,213.2496"
"11/29/2024,8:20:00,256.1909"
"11/29/2024,8:30:00,298.1807"
"11/29/2024,8:40:00,339.1241"
"11/29/2024,8:50:00,378.9347"
"11/29/2024,9:00:00,417.5317"
"11/29/2024,9:10:00,454.8369"
"11/29/2024,9:20:00,490.7894"
"11/29/2024,9:30:00,525.2917"
"11/29/2024,9:40:00,558.2907"
"11/29/2024,9:50:00,589.7218"
"11/29/2024,10:00:00,619.5247"
"11/29/2024,10:10:00,647.6411"
"11/29/2024,10:20:00,674.0173"
"11/29/2024,10:30:00,698.6031"
"11/29/2024,10:40:00,721.3505"
"11/29/2024,10:50:00,742.2244"
"11/29/2024,11:00:00,761.1682"
"11/29/2024,11:10:00,778.1544"
"11/29/2024,11:20:00,793.1505"
"11/29/2024,11:30:00,806.1277"
"11/29/2024,11:40:00,817.0613"
"11/29/2024,11:50:00,825.9307"
"11/29/2024,12:00:00,832.7185"
"11/29/2024,12:10:00,837.4121"
"11/29/2024,12:20:00,840.0034"
"11/29/2024,12:30:00,840.4855"
"11/29/2024,12:40:00,838.8590"
"11/29/2024,12:50:00,835.1271"
"11/29/2024,13:00:00,829.2973"
"11/29/2024,13:10:00,821.3807"
"11/29/2024,13:20:00,811.3931"
"11/29/2024,13:30:00,799.3536"
"11/29/2024,13:40:00,785.2862"
"11/29/2024,13:50:00,769.2113"
"11/29/2024,14:00:00,751.1730"
"11/29/2024,14:10:00,731.2013"
"11/29/2024,14:20:00,709.3347"
"11/29/2024,14:30:00,685.6177"
"11/29/2024,14:40:00,660.0981"
"11/29/2024,14:50:00,632.8278"
"11/29/2024,15:00:00,603.8645"
"11/29/2024,15:10:00,573.2699"
"11/29/2024,15:20:00,541.1026"
"11/29/2024,15:30:00,507.4653"
"11/29/2024,15:40:00,472.4391"
"11/29/2024,15:50:00,436.1411"
"11/29/2024,16:00:00,398.7257"
"11/29/2024,16:10:00,360.5184"
"11/29/2024,16:20:00,321.9789"
"11/29/2024,16:30:00,284.2067"
"11/29/2024,16:40:00,0.0000"
"11/29/2024,16:50:00,0.0000"
"11/29/2024,17:00:00,0.0000"
"11/29/2024,17:10:00,0.0000"
"11/29/2024,17:20:00,0.0000"
"11/29/2024,17:30:00,0.0000"
"11/29/2024,17:40:00,0.0000"
"11/29/2024,17:50:00,0.0000"
"11/29/2024,18:00:00,0.0000"
"11/29/2024,18:10:00,0.0000"
"11/29/2024,18:20:00,0.0000"
"11/29/2024,18:30:00,0.0000"
"11/29/2024,18:40:00,0.0000"
"11/29/2024,18:50:00,0.0000"
"11/29/2024,19:00:00,0.0000"
"11/29/2024,19:10:00,0.0000"
"11/29/2024,19:20:00,0.0000"
"11/29/2024,19:30:00,0.0000"
"11/29/2024,19:40:00,0.0000"
"11/29/2024,19:50:00,0.0000"
"11/29/2024,20:00:00,0.0000"
"11/29/2024,20:10:00,0.0000"
"11/29/2024,20:20:00,0.0000"
"11/29/2024,20:30:00,0.0000"
"11/29/2024,20:40:00,0.0000"
"11/29/2024,20:50:00,0.0000"
"11/29/2024,21:00:00,0.0000"
"11/29/2024,21:10:00,0.0000"
"11/29/2024,21:20:00,0.0000"
"11/29/2024,21:30:00,0.0000"
"11/29/2024,21:40:00,0.0000"
"11/29/2024,21:50:00,0.0000"
"11/29/2024,22:00:00,0.0000"
"11/29/2024,22:10:00,0.0000"
"11/29/2024,22:20:00,0.0000"
"11/29/2024,22:30:00,0.0000"
"11/29/2024,22:40:00,0.0000"
"11/29/2024,22:50:00,0.0000"
"11/29/2024,23:00:00,0.0000"
"11/29/2024,23:10:00,0.0000"
"11/29/2024,23:20:00,0.0000"
"11/29/2024,23:30:00,0.0000"
"11/29/2024,23:40:00,0.0000"
"11/29/2024,23:50:00,0.0000"